번호,낚시터명,낚시터유형,소재지도로명주소,소재지지번주소,WGS84위도,WGS84경도
1,제일낚시터,평지,부산광역시 강서구 낙동북로73번가길 200-5 (강동동),부산광역시 강서구 강동동 10-2,35.22365536,128.940412
2,천성낚시터,바다,부산광역시 강서구 거가대로 2571 (천성동),부산광역시 강서구 천성동 488-6,35.02301425,128.8095884
3,동선낚시터,바다,부산광역시 강서구 동선길 107 (동선동),부산광역시 강서구 동선동 418,35.05283693,128.8324001
4,동삼어촌계 유어장 낚시터,바다,부산광역시 영도구 하리해안길 17-5,부산광역시 영도구 동삼동 1181,35.06978643,129.0812768
5,대원관광농원,저수지,"부산광역시 기장군 기장읍 내리길 57, 대원관광농원",부산광역시 기장군 기장읍 내리 701-27 대원관광농원,35.211047,129.2039
6,이오피쉬,기타,"부산광역시 기장군 기장읍 대변로 153, 이오피쉬",부산광역시 기장군 기장읍 대변리 418-3,35.2257,129.2288
7,용소사계절,저수지,"부산광역시 기장군 장안읍 기장대로 1665-73, 용소사계절",부산광역시 기장군 장안읍 용소리 170-4,35.34273,129.24519
8,부산실내바다낚시터,기타,"부산광역시 북구 효열로 275, 지하1층 (금곡동)",부산광역시 북구 금곡동 55-2 지하1층,35.26720059,129.0183491
9,용곡낚시터,저수지,충청북도 청주시 상당구 미원면 미원초정로 685-26,충청북도 청주시 상당구 미원면 종암리 449,36.683613,127.636857
10,황청낚시터,저수지,충청북도 청주시 상당구 남일면 황청리길 119,충청북도 청주시 상당구 남일면 황청리 163,36.594752,127.555039
11,한계리낚시터,저수지,충청북도 청주시 상당구 가덕면 한계1길 170,충청북도 청주시 상당구 가덕면 한계리 294-1,36.606594,127.562466
12,중리낚시터,저수지,충청북도 청주시 상당구 미원면 쌍이운교로 262,충청북도 청주시 상당구 미원면 중리 316-1,36.669118,127.665454
13,이정골낚시터,저수지,,충청북도 청주시 상당구 용정동 23-1,36.636061,127.523977
14,장자골낚시터,저수지,충청북도 청주시 상당구 문의면 남계1길 3,충청북도 청주시 상당구 문의면 남계리 161-2,36.535554,127.503843
15,척산낚시터,저수지,,충청북도 청주시 서원구 남이면 척산리 176-2,36.559086,127.453531
16,일신낚시터,평지,충청북도 청주시 청원구 오창읍 일신길 34-27,충청북도 청주시 청원구 오창읍 일신리 302-1,36.756746,127.470374
17,유호정낚시터,저수지,충청북도 청주시 청원구 내수읍 우산2길 65,충청북도 청주시 청원구 내수읍 우산리 94-2,36.710498,127.412345
18,부연낚시터,저수지,충청북도 청주시 청원구 북이면 신기초정로 335,충청북도 청주시 청원구 북이면 부연리 280,36.736716,127.573571
19,초정낚시터,저수지,충청북도 청주시 청원구 내수읍 세교초정로 369,충청북도 청주시 청원구 내수읍 우산리 172,36.714903,127.599766
20,비상낚시터,저수지,충청북도 청주시 청원구 내수읍 비상길 22-58,충청북도 청주시 청원구 내수읍 비상리 508,36.704427,127.580032
21,송말낚시터,저수지,충청북도 청주시 흥덕구 지동로75번길 39 (지동동),충청북도 청주시 흥덕구 지동동 186-1,36.642624,127.412433
22,소로낚시터,저수지,충청북도 청주시 흥덕구 옥산면 소로2길 148,충청북도 청주시 흥덕구 옥산면 소로리 75-1,36.697368,127.401441
23,호암낚시터,저수지,충청북도 청주시 흥덕구 서부로 988-194 (석곡동),충청북도 청주시 흥덕구 석곡동 317-1,36.606843,127.418748
24,공북낚시터,저수지,충청북도 청주시 흥덕구 오송읍 정중연제로 651-84,충청북도 청주시 흥덕구 오송읍 공북리 산 58,36.652114,127.312772
25,성화낚시터,평지,충청북도 청주시 서원구 성화로 43-9 (성화동),충청북도 청주시 서원구 성화동 199-1,36.608749,127.446669
26,주성낚시터,평지,"충청북도 청주시 청원구 내수읍 도원세교로 124-88, 주성낚시터",충청북도 청주시 청원구 내수읍 덕암리 573 주성낚시터,36.700498,127.536579
27,옥산낚시터,평지,,충청북도 청주시 흥덕구 신촌동 413-9,36.653982,127.386549
28,연정낚시터,평지,충청북도 청주시 흥덕구 강내면 연정1길 26,충청북도 청주시 흥덕구 강내면 연정리 91,36.581306,127.380048
29,매전,저수지,,충청북도 괴산군 감물면 매전리 362,36.81828245,127.8860133
30,신흥,저수지,,충청북도 괴산군 불정면 신흥리 701-3,36.87440983,127.7893156
31,문광,저수지,,충청북도 괴산군 문광면 양곡리 3-4,36.769021,127.7466789
32,박달산,저수지,,충청북도 괴산군 장연면 추점리 58,36.84527458,127.9539078
33,추산,저수지,,충청북도 괴산군 불정면 추산리 105,36.90966566,127.8198779
34,어의곡낚시터,저수지,충청북도 단양군 매포읍 단양로 1317-8,충청북도 단양군 매포읍 응실리 125-1,37,128.3
35,오동낚시터,저수지,충청북도 보은군 회인면 오동4길 89,충청북도 보은군 회인면 오동리 303-4,36.5226,127.5813
36,입큰붕어낚시터,기타,충청북도 옥천군 동이면 세산2길 10,충청북도 옥천군 동이면 세산리 678-8,36.2707834,127.6026089
37,비야골낚시터,기타,"충청북도 옥천군 군북면 비야대정로 282-94, 낚시터",충청북도 옥천군 군북면 증약리 319-2 낚시터,36.3532041,127.5250911
38,오룡낚시터,저수지,"충청북도 옥천군 이원면 백지길 169-1, 주택",충청북도 옥천군 이원면 백지리 793 주택,36.2282367,127.6764916
39,의평낚시터,저수지,"충청북도 옥천군 이원면 의평길 76, 주택",충청북도 옥천군 이원면 의평리 540-3 주택,36.2111008,127.6231871
40,백지리낚시터,저수지,충청북도 옥천군 이원면 백지1길 38-12,충청북도 옥천군 이원면 백지리 621-3,36.2341709,127.6762404
41,방아실낚시터,저수지,"충청북도 옥천군 군북면 비야대정로 821, 창고",충청북도 옥천군 군북면 대정리 734 창고,36.3864965,127.532302
42,은행리낚시터,저수지,충청북도 옥천군 군서면 곤룡로 428-31,충청북도 옥천군 군서면 사양리 134,36.2687414,127.5033369
43,"군서낚시터(구,장령산)",저수지,"충청북도 옥천군 군서면 동평2길 12-24, 주택",충청북도 옥천군 군서면 동평리 74-1 주택,36.2761886,127.5288594
44,대밖낚시터,기타,충청북도 옥천군 이원면 대흥2길 32,충청북도 옥천군 이원면 강청리 10-29,36.2446326,127.6219535
45,중해레저낚시터,기타,충청북도 옥천군 동이면 금강로 17-8,충청북도 옥천군 동이면 지양리 1125-2,36.2954288,127.6135057
46,구수리 낚시터,평지,"충청북도 진천군 백곡면 안구수길 34-28, 구수리낚시터",충청북도 진천군 백곡면 구수리 16-1 구수리낚시터,36.887,127.3606
47,초평낚시터,저수지,"충청북도 진천군 초평면 평화로 482, 초평호 다목적 광장",충청북도 진천군 초평면 화산리 36번지 일원,36.8103,127.5115
48,백곡낚시터,저수지,"충청북도 진천군 진천읍 백곡로 1140-14, 초원",충청북도 진천군 진천읍 건송리 299번지 일원,36.871,127.3983
49,오가리,저수지,,충청북도 괴산군 장연면 오가리 569-8,36.815782,127.951453
50,새골낚시터,평지,충청북도 보은군 탄부면 평각1길 62,충청북도 보은군 탄부면 평각리 398,36.4663,127.7541
51,향수사계절 실내낚시터,기타,충청북도 옥천군 옥천읍 양수로6길 72-26,충청북도 옥천군 옥천읍 양수리 산 46,36.289716,127.548671
52,옥녀봉 낚시터,평지,충청북도 진천군 이월면 은행정1길 14-15,충청북도 진천군 이월면 사곡리 122,36.89663,127.423314
53,생극낚시터,기타,충청북도 음성군 생극면 오신로 399-16,,37.025839,127.623314
54,제수리낚시터,저수지,충청북도 음성군 금왕읍 금일로284번길 100-4,,37.010817,127.554459
55,용대리낚시터,저수지,충청북도 음성군 삼성면 덕호로 360,,37.044544,127.514314
56,감곡낚시터,저수지,충청북도 음성군 감곡면 감노로 67-18,,37.076491,127.627197
57,상곡낚시터,저수지,충청북도 음성군 삼성면 점골길 51,,37.013504,127.450467
58,삼성지낚시터,저수지,충청북도 음성군 삼성면 금일로 1064-6,,37.026576,127.484692
59,중부낚시터,저수지,충청북도 음성군 삼성면 용성로5번길 86-24,,37.001845,127.47583
60,맹동낚시터,저수지,충청북도 음성군 맹동면 군자길 1492,,36.894167,127.571429
61,마이제낚시터,저수지,충청북도 음성군 삼성면 덕정로65번길 102,,37.027938,127.494112
62,주봉낚시터,저수지,충청북도 음성군 원남면 주봉로 141,,36.866529,127.675445
63,사계지낚시터,저수지,충청북도 음성군 금왕읍 보습길 77,,37.020711,127.551423
64,내곡낚시터,저수지,충청북도 음성군 금왕읍 마루택길29번길 63,,37.01744,127.53839
65,백야낚시터,저수지,충청북도 음성군 금왕읍 백야로 320,,39.967806,127.603211
66,백야낚시터,저수지,충청북도 음성군 금왕읍 백야로 320,,39.967806,127.603211
67,내곡낚시터,저수지,충청북도 음성군 금왕읍 마루택길29번길 63,,37.01744,127.53839
68,복상골낚시터,평지,충청북도 음성군 감곡면 사곡길 279,,37.095607,127.669018
69,생극낚시터,기타,충청북도 음성군 생극면 오신로 399-16,,37.025839,127.623314
70,봉낚시터,저수지,충청북도 음성군 소이면 충갑길 196,,36.88901,127.74706
71,거일낚시터,저수지,충청북도 음성군 감곡면 거일길 156,,37.108528,127.657346
72,오궁낚시터,저수지,충청북도 음성군 감곡면 오궁리 124-2,,37.111463,127.672462
73,큰골낚시터,저수지,충청북도 음성군 감곡면 대학길190번길 59,,37.138054,127.648323
74,차평낚시터,저수지,충청북도 음성군 생극면 차생로 618-20,,37.049326,127.622166
75,제수리낚시터,저수지,충청북도 음성군 금왕읍 금일로284번길 100-4,,37.010817,127.554459
76,용대리낚시터,저수지,충청북도 음성군 삼성면 덕호로 360,,37.044544,127.514314
77,감곡낚시터,저수지,충청북도 음성군 감곡면 감노로 67-18,,37.076491,127.627197
78,봉낚시터,저수지,충청북도 음성군 소이면 충갑길 196,,36.88901,127.74706
79,거일낚시터,저수지,충청북도 음성군 감곡면 거일길 156,,37.108528,127.657346
80,오궁낚시터,저수지,충청북도 음성군 감곡면 오궁리 124-2,,37.111463,127.672462
81,큰골낚시터,저수지,충청북도 음성군 감곡면 대학길190번길 59,,37.138054,127.648323
82,차평낚시터,저수지,충청북도 음성군 생극면 차생로 618-20,,37.049326,127.622166
83,상곡낚시터,저수지,충청북도 음성군 삼성면 점골길 51,,37.013504,127.450467
84,삼성지낚시터,저수지,충청북도 음성군 삼성면 금일로 1064-6,,37.026576,127.484692
85,중부낚시터,저수지,충청북도 음성군 삼성면 용성로5번길 86-24,,37.001845,127.47583
86,맹동낚시터,저수지,충청북도 음성군 맹동면 군자길 1492,,36.894167,127.571429
87,마이제낚시터,저수지,충청북도 음성군 삼성면 덕정로65번길 102,,37.027938,127.494112
88,주봉낚시터,저수지,충청북도 음성군 원남면 주봉로 141,,36.866529,127.675445
89,사계지낚시터,저수지,충청북도 음성군 금왕읍 보습길 77,,37.020711,127.551423
90,내곡낚시터,저수지,충청북도 음성군 금왕읍 마루택길29번길 63,,37.01744,127.53839
91,백야낚시터,저수지,충청북도 음성군 금왕읍 백야로 320,,39.967806,127.603211
92,극동낚시터,저수지,충청북도 음성군 감곡면 성주로 362-17,,37.14878,127.64593
93,복상골낚시터,평지,충청북도 음성군 감곡면 사곡길 279,,37.095607,127.669018
94,국사봉낚시터,평지,충청북도 제천시 봉양읍 구곡로 173-1,충청북도 제천시 봉양읍 구곡리 331-2,37.0717077,128.108623
95,은성낚시공원,평지,"충청북도 제천시 봉양읍 논골로 242, (삼거리)",충청북도 제천시 봉양읍 삼거리 1135-16번지 외 7필지,37.1056988,128.130098
96,가마실낚시터,평지,,충청북도 제천시 자작동 13,37.121795,128.297684
97,명지낚시터,평지,충청북도 제천시 무지동길56,충청북도 제천시 명지동 336,37.104747,128.192859
98,청풍호반낚시터,기타,,충청북도 제천시 청풍면 용곡리 411번지 외9필지,36.9878972,128.1146338
99,물태리낚시터,기타,,충청북도 제천시 청풍면 물태리 산 24-3,36.99213167,128.1679697
100,단리낚시터,기타,,충청북도 제천시 청풍면 단리 245번지 외 6필지,36.9822596,128.144141
101,단돈낚시터,기타,,충청북도 제천시 청풍면 단돈리 산7-1번지 외12필지,37.0394019,128.110997
102,신리낚시터,기타,,충청북도 제천시 청풍면 신리 233-1번지 외 14필지,36.995289,128.152191
103,대류한버들낚시터,기타,충청북도 제천시 청풍면 대류리 90번지 외 27필지,충청북도 제천시 청풍면 대류리 90번지,36.993111,128.142743
104,명암낚시터,저수지,충청북도 제천시 봉양읍 명암로 243,충청북도 제천시 봉양읍 명도리 85-2,37.1675804,128.126267
105,덕곡낚시터,기타,충청북도 제천시 한수면 봉화재11길 24-41,충청북도 제천시 한수면 덕곡리 632-3,36.945013,128.111496
106,호반낚시터,기타,충청북도 제천시 한수면 봉화재길 819-2,충청북도 제천시 한수면 서창리 110,36.9517671,128.111061
107,용곡낚시터,기타,,충청북도 제천시 청풍면 용곡리 361번지 외8필지,36.9878972,128.1146338
108,실리곡낚시터,기타,,충청북도 제천시 청풍면 실리곡리 산7-1번지 외 8필지,36.975227,128.172761
109,후산낚시터,기타,,충청북도 제천시 청풍면 후산리 154번지 외 31필지,37.0296435,128.1225532
110,오산낚시터,기타,,충청북도 제천시 청풍면 오산리 209-1번지 외 17필지,37.005337,128.090962
111,선고낚시터,저수지,충청북도 제천시 약초로16길 65,충청북도 제천시 덕산면 선고리 583,36.890815,128.195143
112,연론낚시터,기타,,충청북도 제천시 연론리 573-2번지 외 28필지,36.974681,128.127429
113,사계지낚시터,저수지,충청북도 음성군 금왕읍 보습길 77,,37.020711,127.551423
114,주봉낚시터,저수지,충청북도 음성군 원남면 주봉로 141,,36.866529,127.675445
115,마이제낚시터,저수지,충청북도 음성군 삼성면 덕정로65번길 102,,37.027938,127.494112
116,맹동낚시터,저수지,충청북도 음성군 맹동면 군자길 1492,,36.894167,127.571429
117,중부낚시터,저수지,충청북도 음성군 삼성면 용성로5번길 86-24,,37.001845,127.47583
118,삼성지낚시터,저수지,충청북도 음성군 삼성면 금일로 1064-6,,37.026576,127.484692
119,상곡낚시터,저수지,충청북도 음성군 삼성면 점골길 51,,37.013504,127.450467
120,차평낚시터,저수지,충청북도 음성군 생극면 차생로 618-20,,37.049326,127.622166
121,큰골낚시터,저수지,충청북도 음성군 감곡면 대학길190번길 59,,37.138054,127.648323
122,오궁낚시터,저수지,충청북도 음성군 감곡면 오궁리 124-2,,37.111463,127.672462
123,거일낚시터,저수지,충청북도 음성군 감곡면 거일길 156,,37.108528,127.657346
124,봉낚시터,저수지,충청북도 음성군 소이면 충갑길 196,,36.88901,127.74706
125,감곡낚시터,저수지,충청북도 음성군 감곡면 감노로 67-18,,37.076491,127.627197
126,용대리낚시터,저수지,충청북도 음성군 삼성면 덕호로 360,,37.044544,127.514314
127,제수리낚시터,저수지,충청북도 음성군 금왕읍 금일로284번길 100-4,,37.010817,127.554459
128,생극낚시터,기타,충청북도 음성군 생극면 오신로 399-16,,37.025839,127.623314
129,복상골낚시터,평지,충청북도 음성군 감곡면 사곡길 279,,37.095607,127.669018
130,큰손낚시카페,기타,충청북도 음성군 맹동면 원중로 1434(2층),,36.90955,127.541023
131,극동낚시터,저수지,충청북도 음성군 감곡면 성주로 362-17,,37.14878,127.64593
132,힐링낚시터,기타,충청북도 음성군 맹동면 대하2가길 11(지하1층),,36.908066,127.54274
133,큰손낚시카페,기타,충청북도 음성군 맹동면 원중로 1434(2층),,36.90955,127.541023
134,복상골낚시터,평지,충청북도 음성군 감곡면 사곡길 279,,37.095607,127.669018
135,생극낚시터,기타,충청북도 음성군 생극면 오신로 399-16,,37.025839,127.623314
136,제수리낚시터,저수지,충청북도 음성군 금왕읍 금일로284번길 100-4,,37.010817,127.554459
137,용대리낚시터,저수지,충청북도 음성군 삼성면 덕호로 360,,37.044544,127.514314
138,감곡낚시터,저수지,충청북도 음성군 감곡면 감노로 67-18,,37.076491,127.627197
139,봉낚시터,저수지,충청북도 음성군 소이면 충갑길 196,,36.88901,127.74706
140,거일낚시터,저수지,충청북도 음성군 감곡면 거일길 156,,37.108528,127.657346
141,오궁낚시터,저수지,충청북도 음성군 감곡면 오궁리 124-2,,37.111463,127.672462
142,큰골낚시터,저수지,충청북도 음성군 감곡면 대학길190번길 59,,37.138054,127.648323
143,차평낚시터,저수지,충청북도 음성군 생극면 차생로 618-20,,37.049326,127.622166
144,상곡낚시터,저수지,충청북도 음성군 삼성면 점골길 51,,37.013504,127.450467
145,양덕낚시터,저수지,충청북도 음성군 삼성면 금일로 1064-6,,37.026576,127.484692
146,중부낚시터,저수지,충청북도 음성군 삼성면 용성로5번길 86-24,,37.001845,127.47583
147,맹동낚시터,저수지,충청북도 음성군 맹동면 군자길 1492,,36.894167,127.571429
148,마이제낚시터,저수지,충청북도 음성군 삼성면 덕정로65번길 102,,37.027938,127.494112
149,주봉낚시터,저수지,충청북도 음성군 원남면 주봉로 141,,36.866529,127.675445
150,사계지낚시터,저수지,충청북도 음성군 금왕읍 보습길 77,,37.020711,127.551423
151,내곡낚시터,저수지,충청북도 음성군 금왕읍 마루택길29번길 63,,37.01744,127.53839
152,백야낚시터,저수지,충청북도 음성군 금왕읍 백야로 320,,39.967806,127.603211
153,형제낚시터,평지,"충청북도 진천군 문백면 문진로 88-90, 형제낚시터",충청북도 진천군 문백면 도하리 261-2 형제낚시터,36.761197,127.449226
154,죠스실내낚시카페,기타,충청북도 충주시 연수동 국원대로 184,,36.9879831,127.9286973
155,남산손맛,평지,충청북도 충주시 교현동 금봉대로 346-21,,36.9646455,127.9495865
156,가주,평지,충청북도 충주시 대가주2길 23,,36.9324006,127.891439
157,도장골,평지,충청북도 충주시 호암동 더덕길 47,,36.9441032,127.9249417
158,월상,평지,충청북도 충주시 금가면 김생로 1185,,37.041286,127.866814
159,털보,평지,충청북도 충주시 금가면 장대산길 14,,37.015584,127.876401
160,태고,평지,충청북도 충주시 금가면 금병길 55,,37.057673,127.912283
161,화곡,저수지,충청북도 충주시 주덕읍 화곡1길 531,,37.011374,127.806688
162,실로암,저수지,충청북도 충주시 주덕읍 충청대로 2350,,36.963004,127.781525
163,모점,저수지,충청북도 충주시 앙성면 모점1길 128,,37.156326,127.738208
164,대덕,저수지,충청북도 충주시 노은면 대덕길 119,,37.058787,127.709089
165,용원,저수지,충청북도 충주시 신니면 신덕로 523,,37.002766,127.709915
166,중산,저수지,충청북도 충주시 수안보면 중산길 185,,36.870547,128.010504
167,종점,저수지,충청북도 충주시 동량면 지등로 2003,,36.979865,128.056105
168,키다리,저수지,,충청북도 충주시 동량면 서운리 산 22-5,36.974192,128.051902
169,서운,저수지,충청북도 충주시 동량면 지등로 1758,,36.970944,128.049841
170,꽃바위,저수지,,충청북도 충주시 동량면 화암리 275,36.977308,128.018005
171,입석,저수지,충청북도 충주시 중앙탑면 감노로 2301,,37.026011,127.845269
172,목벌,저수지,충청북도 충주시 목벌길 111,,36.967967,128.001411
173,명서,저수지,충청북도 충주시 산척면 정암산책길 140-1,,37.058406,128.042049
174,하천,저수지,충청북도 충주시 동량면 하천1길 26,,37.027482,128.044072
175,신매,저수지,충청북도 충주시 살미면 충주호수로 2707,,36.919276,128.020149
176,제일,저수지,충청북도 충주시 살미면 내사1길 43,,36.908522,128.012356
177,윤,저수지,충청북도 충주시 살미면 월악로 473,,36.911502,128.017363
178,문골,저수지,충청북도 충주시 살미면 월악로 621,,36.919744,128.025544
179,병호,저수지,충청북도 충주시 살미면 내사6길 30,,36.910801,128.020763
180,늘푸른,저수지,충청북도 충주시 살미면 월악로 745-40,,36.918487,128.034754
181,계룡 낚시터,저수지,,충청남도 공주시 계룡면 하대리 485-1(계룡저수지),36.36086703,127.1576725
182,정안 낚시터,저수지,,충청남도 공주시 정안면 운궁리 327-4,36.5804523,127.110813
183,능애 낚시터,저수지,,충청남도 공주시 정안면 평정리 529-1(평정저수지),36.55407334,127.083822
184,월곡 낚시터,저수지,,충청남도 공주시 의당면 월곡리 4-3(월곡저수지),36.53973952,127.162541
185,경천 낚시터,저수지,,충청남도 공주시 계룡면 양화리(경천저수지),36.3339378,127.1718409
186,행복 낚시터,저수지,,충청남도 공주시 의당면 두만리 28(요룡저수지),36.54898473,127.1448196
187,우목 낚시터,저수지,,충청남도 공주시 우성면 용봉리 700(우목저수지),36.4405707,127.009396
188,중흥 낚시터,저수지,,충청남도 공주시 의당면 도신리 487(중흥저수지),36.57675859,127.1725335
189,고성 낚시터,저수지,,충청남도 공주시 정안면 고성리(고성저수지),36.58824678,127.0916593
190,명곡 낚시터,저수지,,충청남도 공주시 유구읍 명곡리 436-3(명곡저수지),36.59894926,126.9385268
191,큰목길낚시터,저수지,,충청남도 공주시 공주시 옥룡동 상왕통286,36.47066341,127.0771193
192,자연농원,저수지,,충청남도 공주시 공주시 정안면 광정리200-5,36.47066341,127.0771193
193,우성낚시터,저수지,,충청남도 공주시 공주시 우성면 상서리114-2,36.47066341,127.0771193
194,훼미리낚시터,저수지,,충청남도 공주시 공주시 상왕동 779-7,36.47066341,127.0771193
195,그린 낚시터,저수지,,충청남도 공주시 계룡면 중장리 101,36.37153325,127.1686461
196,그린 낚시터,저수지,,충청남도 공주시 계룡면 중장리 101,36.37153325,127.1686461
197,훼미리낚시터,저수지,,충청남도 공주시 공주시 상왕동 779-7,36.47066341,127.0771193
198,우성낚시터,저수지,,충청남도 공주시 공주시 우성면 상서리114-2,36.47066341,127.0771193
199,자연농원,저수지,,충청남도 공주시 공주시 정안면 광정리200-5,36.47066341,127.0771193
200,큰목길낚시터,저수지,,충청남도 공주시 공주시 옥룡동 상왕통286,36.47066341,127.0771193
201,명곡 낚시터,저수지,,충청남도 공주시 유구읍 명곡리 436-3(명곡저수지),36.59894926,126.9385268
202,고성 낚시터,저수지,,충청남도 공주시 정안면 고성리(고성저수지),36.58824678,127.0916593
203,중흥 낚시터,저수지,,충청남도 공주시 의당면 도신리 487(중흥저수지),36.57675859,127.1725335
204,우목 낚시터,저수지,,충청남도 공주시 우성면 용봉리 700(우목저수지),36.4405707,127.009396
205,행복 낚시터,저수지,,충청남도 공주시 의당면 두만리 28(요룡저수지),36.54898473,127.1448196
206,경천 낚시터,저수지,,충청남도 공주시 계룡면 양화리(경천저수지),36.3339378,127.1718409
207,월곡 낚시터,저수지,,충청남도 공주시 의당면 월곡리 4-3(월곡저수지),36.53973952,127.162541
208,능애 낚시터,저수지,,충청남도 공주시 정안면 평정리 529-1(평정저수지),36.55407334,127.083822
209,정안 낚시터,저수지,,충청남도 공주시 정안면 운궁리 327-4,36.5804523,127.110813
210,계룡 낚시터,저수지,,충청남도 공주시 계룡면 하대리 485-1(계룡저수지),36.36086703,127.1576725
211,계룡 낚시터,저수지,,충청남도 공주시 계룡면 하대리 485-1(계룡저수지),36.36086703,127.1576725
212,월선 낚시터,저수지,충남 아산시 영인면 아산로1233번길 54,,36.873699,126.931875
213,신왕지낚시터,저수지,충남 아산시 둔포면 이화동길115번길 50,,36.9142133,127.0875782
214,오목낚시터(신창낚시터),저수지,충남 아산시 신창면 서부남로675번길 48,,36.7955718,126.933069
215,송악 낚시터,저수지,충남 아산시 송악면 송악로 560,,36.7214327,126.9898213
216,산들 낚시터,저수지,충남 아산시 배방읍 고불로 229,,36.725676,127.0596219
217,냉정 낚시터,저수지,충남 아산시 인주면 서해로548번길 158,,36.868245,126.904669
218,월랑 낚시터,저수지,충남 아산시 음봉면 월랑길 15-10,,36.8436697,127.0804385
219,대동 낚시터,저수지,충남 아산시 음봉면 송촌리 34,,36.84784,127.046914
220,신수 낚시터,저수지,충남 아산시 음봉면 신수리 51-1,,36.843918,126.99831
221,염치 낚시터,저수지,충남 아산시 염치읍 동정길 159-4,,36.821763,126.993657
222,신휴 낚시터,저수지,충남 아산시 음봉면 신휴길122,,36.8910242,127.0704905
223,봉재 낚시터,저수지,충남 아산시 둔포면 충무로 1258-32,,36.883092,127.032207
224,안골 낚시터,저수지,충남 아산시 영인면 고룡산로 448,,36.8789658,126.9878422
225,죽산 낚시터,저수지,충남 아산시 선장면 서부남로 344,,36.7857711,126.8978959
226,영인 낚시터,저수지,충남 아산시 영인면 영인로 159-20,,36.8627459,126.9487696
227,잔실 낚시터,저수지,충남 아산시 음봉면 신정리 397,,36.8735582,127.0167286
228,삽교천 낚시터,기타,충남 아산시 인주면 아산만로1363,,36.8526333,126.8545664
229,동암 낚시터,기타,충남 아산시 음봉면 음봉로447번길 50,,36.8469204,127.0604064
230,낭만물고기실내낚시카페,기타,"충남 아산시 배방읍 배방로13번길 23, 2층",,36.775944,127.056904
231,아산락실내바다낚시터,기타,충남 아산시 염치읍 백암길 148-1,,36.8058557,127.0359602
232,서부낚시터,저수지,충청남도 서천군 종천면 대백제로 1458,,36.12103723,126.692348
233,배다리낚시터,저수지,충청남도 서천군 서면 주원로 10-3,,36.15600648,126.572178
234,창리해상낚시터,바다,충청남도 서산시 부석면 창리 지선,,36.369181,126.224581
235,덕송지낚시터,저수지,충청남도 서산시 팔봉면 덕송리 842-5,,36.835062,126.339584
236,대요낚시터,저수지,충청남도 서산시 지곡면 대요리 713,,36.886992,126.428141
237,계룡 낚시터,저수지,,충청남도 공주시 계룡면 하대리 485-1(계룡저수지),36.36086703,127.1576725
238,정안 낚시터,저수지,,충청남도 공주시 정안면 운궁리 327-4,36.5804523,127.110813
239,능애 낚시터,저수지,,충청남도 공주시 정안면 평정리 529-1(평정저수지),36.55407334,127.083822
240,월곡 낚시터,저수지,,충청남도 공주시 의당면 월곡리 4-3(월곡저수지),36.53973952,127.162541
241,경천 낚시터,저수지,,충청남도 공주시 계룡면 양화리(경천저수지),36.3339378,127.1718409
242,행복 낚시터,저수지,,충청남도 공주시 의당면 두만리 28(요룡저수지),36.54898473,127.1448196
243,우목 낚시터,저수지,,충청남도 공주시 우성면 용봉리 700(우목저수지),36.4405707,127.009396
244,중흥 낚시터,저수지,,충청남도 공주시 의당면 도신리 487(중흥저수지),36.57675859,127.1725335
245,고성 낚시터,저수지,,충청남도 공주시 정안면 고성리(고성저수지),36.58824678,127.0916593
246,명곡 낚시터,저수지,,충청남도 공주시 유구읍 명곡리 436-3(명곡저수지),36.59894926,126.9385268
247,큰목길낚시터,저수지,,충청남도 공주시 공주시 옥룡동 상왕통286,36.47066341,127.0771193
248,자연농원,저수지,,충청남도 공주시 공주시 정안면 광정리200-5,36.47066341,127.0771193
249,우성낚시터,저수지,,충청남도 공주시 공주시 우성면 상서리114-2,36.47066341,127.0771193
250,훼미리낚시터,저수지,,충청남도 공주시 공주시 상왕동 779-7,36.47066341,127.0771193
251,그린 낚시터,저수지,,충청남도 공주시 계룡면 중장리 101,36.37153325,127.1686461
252,그린 낚시터,저수지,,충청남도 공주시 계룡면 중장리 101,36.37153325,127.1686461
253,훼미리낚시터,저수지,,충청남도 공주시 공주시 상왕동 779-7,36.47066341,127.0771193
254,우성낚시터,저수지,,충청남도 공주시 공주시 우성면 상서리114-2,36.47066341,127.0771193
255,자연농원,저수지,,충청남도 공주시 공주시 정안면 광정리200-5,36.47066341,127.0771193
256,큰목길낚시터,저수지,,충청남도 공주시 공주시 옥룡동 상왕통286,36.47066341,127.0771193
257,명곡 낚시터,저수지,,충청남도 공주시 유구읍 명곡리 436-3(명곡저수지),36.59894926,126.9385268
258,고성 낚시터,저수지,,충청남도 공주시 정안면 고성리(고성저수지),36.58824678,127.0916593
259,중흥 낚시터,저수지,,충청남도 공주시 의당면 도신리 487(중흥저수지),36.57675859,127.1725335
260,우목 낚시터,저수지,,충청남도 공주시 우성면 용봉리 700(우목저수지),36.4405707,127.009396
261,행복 낚시터,저수지,,충청남도 공주시 의당면 두만리 28(요룡저수지),36.54898473,127.1448196
262,경천 낚시터,저수지,,충청남도 공주시 계룡면 양화리(경천저수지),36.3339378,127.1718409
263,월곡 낚시터,저수지,,충청남도 공주시 의당면 월곡리 4-3(월곡저수지),36.53973952,127.162541
264,능애 낚시터,저수지,,충청남도 공주시 정안면 평정리 529-1(평정저수지),36.55407334,127.083822
265,정안 낚시터,저수지,,충청남도 공주시 정안면 운궁리 327-4,36.5804523,127.110813
266,수신낚시터,저수지,"충청남도 천안시 동남구 수신면 발산1길 147-106, 수신낚시터",충청남도 천안시 동남구 수신면 발산리 449-2 수신낚시터,36.71158316,127.2940376
267,마정낚시터,저수지,충청남도 천안시 서북구 직산읍 금곡로 176,충청남도 천안시 서북구 직산읍 마정리 314,36.87443248,127.0999291
268,남창낚시터,저수지,"충청남도 천안시 서북구 성거읍 보명사길 62, 남창낚시터",충청남도 천안시 서북구 성거읍 송남리 산 46,36.86121783,127.1990668
269,무네미낚시터,저수지,충청남도 천안시 동남구 동면 장송죽계길 40,충청남도 천안시 동남구 동면 송연리42,36.78076246,127.3704271
270,부대낚시터,저수지,"충청남도 천안시 서북구 안터길 38-29, 부대동낚시터 (부대동)",충청남도 천안시 서북구 부대동 35-4 부대동낚시터,36.84090025,127.1590725
271,신월낚시터,저수지,"충청남도 천안시 서북구 성거읍 신월길 165-29, 신월낚시터",충청남도 천안시 서북구 성거읍 소우리 265-2,36.86809119,127.1646074
272,석곡낚시터,저수지,"충청남도 천안시 서북구 직산읍 부송로 43-38, 석곡낚시터",충청남도 천안시 서북구 직산읍 석곡리 5-4 석곡낚시터,36.89071113,127.1028245
273,덕성낚시터,저수지,충청남도 천안시 동남구 동면 덕성1길 52,충청남도 천안시 동남구 동면 덕성리 428-1,36.80984881,127.3697076
274,방축낚시터,저수지,충청남도 천안시 서북구 직산읍 군동3길 26,충청남도 천안시 서북구 직산읍 군동리 187-11,36.89959299,127.1693812
275,원산도 선촌 해양낚시터,바다,충청남도 보령시 원산도리 540지선,충청남도 보령시 원산도리 540지선,36.385009,126.42969
276,숲속애바다실내낚시터,기타,충청남도 보령시 통나무1길 80,충청남도 보령시 신흑동 558-35,36.329072,126.52855
277,강남호,바다,충청남도 태안군 고남면 안면대로 4439,충청남도 태안군 고남면 안면대로 4439,36.408243,126.419369
278,경남수산,바다,충청남도 태안군 고남면 탄개길 33,충청남도 태안군 고남면 탄개길 33,36.40810295,126.422973
279,영목수산좌대,바다,충청남도 태안군 고남면 월고지길 53,충청남도 태안군 고남면 월고지길 53,36.399587,126.4265487
280,안면도영목항,바다,충청남도 태안군 고남면 안면대로 4558,충청남도 태안군 고남면 안면대로 4558,36.400055,126.426424
281,대일,바다,충청남도 태안군 고남면 고남리 125,충청남도 태안군 고남면 고남리 125,36.407639,126.42209
282,미조리,바다,충청남도 태안군 고남면 월고지길 49-7,충청남도 태안군 고남면 월고지길 49-7,36.39971346,126.4263766
283,대박,바다,충청남도 태안군 고남면 안면대로 4407-239,충청남도 태안군 고남면 안면대로 4407-239,36.4182042,126.428521
284,천우수산,바다,충청남도 태안군 안면읍 대야로 304-41,충청남도 태안군 안면읍 대야로 304-41,36.46427427,126.4163916
285,여정수산,바다,충청남도 태안군 안면읍 응지마을길 20-7,충청남도 태안군 안면읍 응지마을길 20-7,36.51758799,126.345242
286,어성,바다,충청남도 태안군 안면읍 대야로 323-7,충청남도 태안군 안면읍 대야로 323-7,36.4654124,126.414806
287,토도수산,바다,충청남도 태안군 안면읍 대야로 323-45,충청남도 태안군 안면읍 대야로 323-45,36.46592426,126.4154688
288,백호좌대,바다,충청남도 태안군 남면 천수만로 340-54,충청남도 태안군 남면 천수만로 340-54,36.619584,126.3479666
289,태극호좌대,바다,충청남도 태안군 남면 한바위길 10-11,충청남도 태안군 남면 한바위길 10-11,36.621567,126.348669
290,중앙호좌대,바다,충청남도 태안군 남면 한바위길 61,충청남도 태안군 남면 한바위길 61,36.62279643,126.354434
291,힐링호좌대,바다,충청남도 태안군 남면 한바위길 54-16,충청남도 태안군 남면 한바위길 54-16,36.62094968,126.3541975
292,신진좌대,바다,충청남도 태안군 남면 한바위길 36-7,충청남도 태안군 남면 한바위길 36-7,36.62086745,126.353658
293,황금좌대,바다,충청남도 태안군 남면 천수만로 340-7,충청남도 태안군 남면 천수만로 340-7,36.621423,126.3467617
294,해인호좌대,바다,충청남도 태안군 남면 한바위길 36-21,충청남도 태안군 남면 한바위길 36-21,36.62031491,126.354128
295,수성호좌대,바다,충청남도 태안군 남면 한바위길 54-12,충청남도 태안군 남면 한바위길 54-12,36.62135688,126.354174
296,대원호좌대,바다,충청남도 태안군 남면 한바위길 54-10,충청남도 태안군 남면 한바위길 54-10,36.621556,126.3543847
297,남용호좌대,바다,충청남도 태안군 남면 당암리 1-12,충청남도 태안군 남면 당암리 1-12,36.619672,126.354366
298,서해대교바다낚시터,평지,충청남도 당진시 신평면 샛터길 117-121,,36.9167,126.7833
299,장고항덕진호좌대낚시터,바다,충청남도 당진시 석문면 장고항로 334-48,,37.0333,126.5
300,그린좌대낚시터,바다,충청남도 당진시 석문면 장고항로 334-48,,37.0333,126.5
301,병기호좌대낚시터,바다,충청남도 당진시 석문면 왜목길 73,,37.0333,126.5333
302,고래좌대낚시터,바다,충청남도 당진시 석문면 왜목길 73,,37.0333,126.5333
303,해맞이좌대낚시터,바다,충청남도 당진시 석문면 왜목길 73,,37.0333,126.5333
304,왜목마을좌대낚시터,바다,충청남도 당진시 석문면 왜목길 73,,37.0333,126.5333
305,무기수산좌대낚시터,바다,충청남도 당진시 석문면 난지3길 12,,37.0167,126.45
306,부흥3호좌대낚시터,바다,충청남도 당진시 석문면 난지3길 12,,37,126.45
307,미리내가두리낚시2호낚시터,바다,충청남도 당진시 석문면 난지3길 12,,37,126.45
308,미리내가두리낚시터,바다,충청남도 당진시 석문면 난지3길 12,,37,126.45
309,해성2호좌대낚시터,바다,충청남도 당진시 석문면 난지3길 12,,37,126.45
310,부흥호좌대2낚시터,바다,충청남도 당진시 석문면 난지3길 12,,37,126.45
311,아쿠아좌대낚시터,바다,충청남도 당진시 석문면 난지3길 12,,37,126.45
312,부흥호가두리낚시터,바다,충청남도 당진시 석문면 난지3길 12,,37,126.45
313,낚시타운좌대낚시터,바다,충청남도 당진시 석문면 난지3길 12,,37,126.45
314,훼미리호좌대낚시터,바다,충청남도 당진시 석문면 난지3길 12,,37,126.45
315,스카이좌대낚시터,바다,충청남도 당진시 석문면 난지3길 12,,37,126.45
316,돌고래좌대낚시터,바다,충청남도 당진시 석문면 난지3길 12,,37,126.45
317,와따좌대낚시터,바다,충청남도 당진시 석문면 난지3길 12,,37,126.45
318,광석낚시터,저수지,충청남도 계룡시 엄사면 광석향한2길 58,,36.2714,127.2196
319,도곡낚시터,기타,충청남도 계룡시 엄사면 배울길 129,,36.2575,127.2092
320,캠피그라운드,기타,충청남도 부여군 부여읍 삼충로272번길 12,충청남도 부여군 부여읍 자왕리 444-2,36.307433,126.959259
321,태극호좌대,바다,충청남도 태안군 남면 한바위길 10-1,충청남도 태안군 남면 한바위길 10-1,36.62123687,126.350006
322,만길호좌대,바다,충청남도 태안군 남면 한바위길 36-9,충청남도 태안군 남면 한바위길 36-9,36.62075219,126.3536715
323,성호좌대,바다,충청남도 태안군 남면 한바위길 10-17,충청남도 태안군 남면 한바위길 10-17,36.655894,126.302754
324,성호1좌대,바다,충청남도 태안군 남면 한바위길 10-17,충청남도 태안군 남면 한바위길 10-17,36.655894,126.302754
325,해성좌대,바다,충청남도 태안군 남면 한바위길 6-24,충청남도 태안군 남면 한바위길 6-24,36.62142778,126.347343
326,갈음이 해상낚시공원,바다,충청남도 태안군 근흥면 갈음이길 105-1,충청남도 태안군 근흥면 갈음이길 105-1,36.69441068,126.159344
327,태안바다,바다,충청남도 태안군 태안읍 중앙로 187,충청남도 태안군 태안읍 중앙로 187,36.749468,126.308131
328,수진좌대2,바다,충청남도 태안군 고남면 누동로 21-23,충청남도 태안군 고남면 누동로 21-23,36.43325976,126.4046197
329,소망좌대,바다,충청남도 태안군 고남면 구매길 67,충청남도 태안군 고남면 구매길 67,36.424694,126.4293151
330,킹콩좌대,바다,충청남도 태안군 고남면 빗독2길6,충청남도 태안군 고남면 빗독2길6,36.42351821,126.409325
331,남일수산좌대,바다,충청남도 태안군 안면읍 장터로 254-11,충청남도 태안군 안면읍 장터로 254-11,36.528999,126.348326
332,형제,바다,충청남도 태안군 고남면 젓개길 276-1,충청남도 태안군 고남면 젓개길 276-1,36.43592403,126.430585
333,인어좌대,바다,충청남도 태안군 고남면 구매길 41-1,충청남도 태안군 고남면 구매길 41-1,36.42553196,126.426836
334,용성좌대,바다,충청남도 태안군 고남면 발화지길 254-8,충청남도 태안군 고남면 발화지길 254-8,36.44021872,126.4196768
335,수진좌대,바다,충청남도 태안군 고남면 누동로 21-23,충청남도 태안군 고남면 누동로 21-23,36.43325976,126.4046197
336,순정좌대,바다,충청남도 태안군 고남면 구매길 41-36,충청남도 태안군 고남면 구매길 41-36,36.42707357,126.430339
337,오뚜기,바다,충청남도 태안군 고남면 젓개길 276-1,충청남도 태안군 고남면 젓개길 276-1,36.43592403,126.430585
338,달빛좌대,바다,충청남도 태안군 안면읍 안면대로 2984-4,충청남도 태안군 안면읍 안면대로 2984-4,36.51129018,126.347753
339,오형제,바다,충청남도 태안군 고남면 젓개길 276-1,충청남도 태안군 고남면 젓개길 276-1,36.43592403,126.430585
340,매일좌대,바다,충청남도 태안군 고남면 빗독2길 2,충청남도 태안군 고남면 빗독2길 2,36.423297,126.409575
341,그린바다,바다,충청남도 태안군 고남면 젓개길 274-3,충청남도 태안군 고남면 젓개길 274-3,36.435815,126.4307282
342,수평선좌대,바다,충청남도 태안군 고남면 옷점길 147-46,충청남도 태안군 고남면 옷점길 147-46,36.41310226,126.400991
343,호포유어,바다,충청남도 태안군 안면읍 여수해길 126-139,충청남도 태안군 안면읍 여수해길 126-139,36.55435297,126.3724757
344,의항리해상공원,바다,충청남도 태안군 소원면 송의로 698,충청남도 태안군 소원면 송의로 698,36.82964098,126.1616348
345,김선장낚시터,바다,충청남도 서산시 대산읍 화곡리 1845 지선,충청남도 서산시 대산읍 화곡리 1845 지선,35.2672,129.0183
346,대호낚시터,바다,충청남도 서산시 대산읍 화곡리 1845 지선,충청남도 서산시 대산읍 화곡리 1845 지선,35.2672,129.0183
347,우리낚시터,바다,충청남도 서산시 대산읍 화곡리 1891지선,충청남도 서산시 대산읍 화곡리 1891지선,35.2672,129.0183
348,백련낚시터,바다,충청남도 서산시 대산읍 화곡리 1891지선,충청남도 서산시 대산읍 화곡리 1891지선,35.2672,129.0183
349,항구낚시터,바다,충청남도 서산시 대산읍 화곡리 1891지선,충청남도 서산시 대산읍 화곡리 1891지선,35.2672,129.0183
350,만석낚시터,바다,충청남도 서산시 대산읍 화곡리 1845 지선,충청남도 서산시 대산읍 화곡리 1845 지선,35.2672,129.0183
351,중앙호좌대,바다,충청남도 태안군 남면 한바위길 61,충청남도 태안군 남면 한바위길 61,36.62279643,126.354434
352,태극호좌대,바다,충청남도 태안군 남면 한바위길 10-11,충청남도 태안군 남면 한바위길 10-11,36.621567,126.348669
353,백호좌대,바다,충청남도 태안군 남면 천수만로 340-54,충청남도 태안군 남면 천수만로 340-54,36.619584,126.3479666
354,토도수산,바다,충청남도 태안군 안면읍 대야로 323-45,충청남도 태안군 안면읍 대야로 323-45,36.46592426,126.4154688
355,어성,바다,충청남도 태안군 안면읍 대야로 323-7,충청남도 태안군 안면읍 대야로 323-7,36.4654124,126.414806
356,여정수산,바다,충청남도 태안군 안면읍 응지마을길 20-7,충청남도 태안군 안면읍 응지마을길 20-7,36.51758799,126.345242
357,천우수산,바다,충청남도 태안군 안면읍 대야로 304-41,충청남도 태안군 안면읍 대야로 304-41,36.46427427,126.4163916
358,대박,바다,충청남도 태안군 고남면 안면대로 4407-239,충청남도 태안군 고남면 안면대로 4407-239,36.4182042,126.428521
359,미조리,바다,충청남도 태안군 고남면 월고지길 49-7,충청남도 태안군 고남면 월고지길 49-7,36.39971346,126.4263766
360,대일,바다,충청남도 태안군 고남면 고남리 125,충청남도 태안군 고남면 고남리 125,36.407639,126.42209
361,안면도영목항,바다,충청남도 태안군 고남면 안면대로 4558,충청남도 태안군 고남면 안면대로 4558,36.400055,126.426424
362,영목수산좌대,바다,충청남도 태안군 고남면 월고지길 53,충청남도 태안군 고남면 월고지길 53,36.399587,126.4265487
363,경남수산,바다,충청남도 태안군 고남면 탄개길 33,충청남도 태안군 고남면 탄개길 33,36.40810295,126.422973
364,강남호,바다,충청남도 태안군 고남면 안면대로 4439,충청남도 태안군 고남면 안면대로 4439,36.408243,126.419369
365,호포유어,바다,충청남도 태안군 안면읍 여수해길 126-139,충청남도 태안군 안면읍 여수해길 126-139,36.55435297,126.3724757
366,의항리해상공원,바다,충청남도 태안군 소원면 송의로 698,충청남도 태안군 소원면 송의로 698,36.82964098,126.1616348
367,수평선좌대,바다,충청남도 태안군 고남면 옷점길 147-46,충청남도 태안군 고남면 옷점길 147-46,36.41310226,126.400991
368,그린바다,바다,충청남도 태안군 고남면 젓개길 274-3,충청남도 태안군 고남면 젓개길 274-3,36.435815,126.4307282
369,매일좌대,바다,충청남도 태안군 고남면 빗독2길 2,충청남도 태안군 고남면 빗독2길 2,36.423297,126.409575
370,오형제,바다,충청남도 태안군 고남면 젓개길 276-1,충청남도 태안군 고남면 젓개길 276-1,36.43592403,126.430585
371,달빛좌대,바다,충청남도 태안군 안면읍 안면대로 2984-4,충청남도 태안군 안면읍 안면대로 2984-4,36.51129018,126.347753
372,오뚜기,바다,충청남도 태안군 고남면 젓개길 276-1,충청남도 태안군 고남면 젓개길 276-1,36.43592403,126.430585
373,순정좌대,바다,충청남도 태안군 고남면 구매길 41-36,충청남도 태안군 고남면 구매길 41-36,36.42707357,126.430339
374,수진좌대,바다,충청남도 태안군 고남면 누동로 21-23,충청남도 태안군 고남면 누동로 21-23,36.43325976,126.4046197
375,용성좌대,바다,충청남도 태안군 고남면 발화지길 254-8,충청남도 태안군 고남면 발화지길 254-8,36.44021872,126.4196768
376,인어좌대,바다,충청남도 태안군 고남면 구매길 41-1,충청남도 태안군 고남면 구매길 41-1,36.42553196,126.426836
377,형제,바다,충청남도 태안군 고남면 젓개길 276-1,충청남도 태안군 고남면 젓개길 276-1,36.43592403,126.430585
378,남일수산좌대,바다,충청남도 태안군 안면읍 장터로 254-11,충청남도 태안군 안면읍 장터로 254-11,36.528999,126.348326
379,킹콩좌대,바다,충청남도 태안군 고남면 빗독2길6,충청남도 태안군 고남면 빗독2길6,36.42351821,126.409325
380,소망좌대,바다,충청남도 태안군 고남면 구매길 67,충청남도 태안군 고남면 구매길 67,36.424694,126.4293151
381,수진좌대2,바다,충청남도 태안군 고남면 누동로 21-23,충청남도 태안군 고남면 누동로 21-23,36.43325976,126.4046197
382,태안바다,바다,충청남도 태안군 태안읍 중앙로 187,충청남도 태안군 태안읍 중앙로 187,36.749468,126.308131
383,갈음이 해상낚시공원,바다,충청남도 태안군 근흥면 갈음이길 105-1,충청남도 태안군 근흥면 갈음이길 105-1,36.69441068,126.159344
384,해성좌대,바다,충청남도 태안군 남면 한바위길 6-24,충청남도 태안군 남면 한바위길 6-24,36.62142778,126.347343
385,성호1좌대,바다,충청남도 태안군 남면 한바위길 10-17,충청남도 태안군 남면 한바위길 10-17,36.655894,126.302754
386,성호좌대,바다,충청남도 태안군 남면 한바위길 10-17,충청남도 태안군 남면 한바위길 10-17,36.655894,126.302754
387,만길호좌대,바다,충청남도 태안군 남면 한바위길 36-9,충청남도 태안군 남면 한바위길 36-9,36.62075219,126.3536715
388,태극호좌대,바다,충청남도 태안군 남면 한바위길 10-1,충청남도 태안군 남면 한바위길 10-1,36.62123687,126.350006
389,남용호좌대,바다,충청남도 태안군 남면 당암리 1-12,충청남도 태안군 남면 당암리 1-12,36.619672,126.354366
390,대원호좌대,바다,충청남도 태안군 남면 한바위길 54-10,충청남도 태안군 남면 한바위길 54-10,36.621556,126.3543847
391,수성호좌대,바다,충청남도 태안군 남면 한바위길 54-12,충청남도 태안군 남면 한바위길 54-12,36.62135688,126.354174
392,해인호좌대,바다,충청남도 태안군 남면 한바위길 36-21,충청남도 태안군 남면 한바위길 36-21,36.62031491,126.354128
393,황금좌대,바다,충청남도 태안군 남면 천수만로 340-7,충청남도 태안군 남면 천수만로 340-7,36.621423,126.3467617
394,신진좌대,바다,충청남도 태안군 남면 한바위길 36-7,충청남도 태안군 남면 한바위길 36-7,36.62086745,126.353658
395,힐링호좌대,바다,충청남도 태안군 남면 한바위길 54-16,충청남도 태안군 남면 한바위길 54-16,36.62094968,126.3541975
396,송석낚시터,저수지,충청남도 예산군 대술면 송석리 92-1,충청남도 예산군 대술면 송석리 92-1,36.687558,126.946816
397,예당저수지연안낚시터,저수지,충청남도 예산군 대흥면 예당로 874,충청남도 예산군 광시면 장전리 748,36.607153,126.792943
398,평촌낚시터,저수지,충청남도 예산군 응봉면 등촌리 282,충청남도 예산군 응봉면 등촌리 282,36.63184542,126.7905514
399,정자낚시터,저수지,충청남도 예산군 응봉면 등촌리 262,충청남도 예산군 응봉면 등촌리 262,36.63268909,126.7930355
400,피쉬뱅크낚시터,저수지,충청남도 예산군 대흥면 상중리 2,충청남도 예산군 대흥면 상중리 2,36.60555592,126.7943737
401,도덕골낚시터,저수지,충청남도 예산군 신양면 황계리 336,충청남도 예산군 신양면 황계리 336,36.60866593,126.819471
402,붕어나라낚시터,저수지,충청남도 예산군 광시면 동산리 80,충청남도 예산군 광시면 동산리 80,36.5831239,126.7987331
403,진수낚시터,저수지,충청남도 예산군 응봉면 신리 115,충청남도 예산군 응봉면 신리 115,36.62868016,126.7908186
404,낚시여행낚시터,저수지,충청남도 예산군 대흥면 송지리 73,충청남도 예산군 대흥면 송지리 73,36.60072861,126.8105442
405,예당임존성낚시터,저수지,충청남도 예산군 대흥면 상중리 26,충청남도 예산군 대흥면 상중리 26,36.60036973,126.7954872
406,포인트낚시터,저수지,충청남도 예산군 대흥면 송지리 44,충청남도 예산군 대흥면 송지리 44,36.60207904,126.8138868
407,연안낚시터,저수지,충청남도 예산군 대흥면 예당로 874,충청남도 예산군 광시면 장전리 748,36.607153,126.79294
408,교촌낚시터,저수지,충청남도 예산군 대흥면 교촌리 301,충청남도 예산군 대흥면 교촌리 301,36.6191964,126.7875532
409,만수낚시터,저수지,충청남도 예산군 대흥면 교촌리 317,충청남도 예산군 대흥면 교촌리 317,36.61706969,126.7897365
410,송석낚시터,저수지,충청남도 예산군 대술면 송석리 92-1,충청남도 예산군 대술면 송석리 92-1,36.687558,126.946816
411,방산낚시터,저수지,충청남도 예산군 대술면 방산리 143-2,충청남도 예산군 대술면 방산리 143-2,36.659665,126.936771
412,낚시회관낚시터,저수지,충청남도 예산군 대흥면 동서리 245,충청남도 예산군 대흥면 동서리 245,36.61192542,126.7927551
413,한믈낚시터,저수지,충청남도 예산군 응봉면 후사리 33,충청남도 예산군 응봉면 후사리 33,36.63964651,126.8014953
414,장전낚시터,저수지,충청남도 예산군 광시면 장전리 30-1,충청남도 예산군 광시면 장전리 30-1,36.59695107,126.8087508
415,인천낚시터,저수지,충청남도 예산군 대흥면 대야리 86,충청남도 예산군 대흥면 대야리 86,36.61540692,126.8071422
416,애플낚시터,저수지,충청남도 예산군 광시면 동산리 91-2,충청남도 예산군 광시면 동산리 91-2,36.58429101,126.7964814
417,2박3일낚시터,저수지,충청남도 예산군 대흥면 하탄방리 154-1,충청남도 예산군 대흥면 하탄방리 154-1,36.61082287,126.8214934
418,장전정자나무낚시터,저수지,충청남도 예산군 광시면 장전리 73,충청남도 예산군 광시면 장전리 73,36.59608361,126.8062826
419,예당낚시터,저수지,충청남도 예산군 대흥면 상중리 8,충청남도 예산군 대흥면 상중리 8,36.60527446,126.7952119
420,무지개낚시터,저수지,충청남도 예산군 대흥면 노동리 440-1,충청남도 예산군 대흥면 노동리 440-1,36.62860222,126.8128752
421,새물낚시터,저수지,충청남도 예산군 신양면 무봉리 295,충청남도 예산군 신양면 무봉리 295,36.617006,126.824655
422,월척낚시터,저수지,충청남도 예산군 응봉면 신리 46,충청남도 예산군 응봉면 신리 46,36.62571063,126.7905212
423,오리장낚시터,저수지,충청남도 예산군 광시면 장전리 613,충청남도 예산군 광시면 장전리 613,36.5943022,126.7973352
424,검은솔밭낚시터,저수지,충청남도 예산군 대흥면 신속리 114,충청남도 예산군 대흥면 신속리 114,36.62194157,126.8066827
425,숲속낚시터,저수지,충청남도 예산군 광시면 동산리 185,충청남도 예산군 광시면 동산리 185,36.5914558,126.794661
426,신봉 낚시터,저수지,충청남도 아산시 영인면 윤보선로211,,36.8943151,127.0039684
427,수정낚시터,평지,충청남도 금산군 군북면 군북로 1057,충청남도 금산군 군북면 조정리 291,36.1973735,127.5203
428,배내미낚시터,평지,충청남도 금산군 복수면 배내미로 107,충청남도 금산군 복수면 곡남리 527,36.15089,127.40153
429,추정실내낚시터,평지,충청남도 금산군 추부면 추동2길 91,충청남도 금산군 추부면 추정리 543-3,36.1712002,127.4647171
430,용봉낚시터,저수지,충청남도 예산군 덕산면 둔리 504-9,충청남도 예산군 덕산면 둔리 504-9,36.665087,126.646624
431,하와이낚시터,저수지,충청남도 예산군 대흥면 신속리 273,충청남도 예산군 대흥면 신속리 273,36.6264144,126.8078678
432,대양낚시터,저수지,충청남도 예산군 대흥면 동서리 182,충청남도 예산군 대흥면 동산리 41,36.609295,126.791431
433,그린낚시터,저수지,충청남도 예산군 대흥면 상중리 2,충청남도 예산군 대흥면 상중리 2,36.60555592,126.7943737
434,죽도해상낚시터(폐업),바다,충청남도 홍성군 서부면 남당항로,충청남도 홍성군 서부면 죽도리 39-1,36.519993,126.435763
435,죽림낚시터,평지,,충청남도 논산시 연무읍 황화정리 362-1,36.094204,127.11998
436,벌곡낚시터,평지,충청남도 논산시 벌곡면 대둔로575번길 25-7,충청남도 논산시 벌곡면 덕목리 237,36.189536,127.25038
437,신시도 유료낚시터,바다,전북특별자치도 군산시 옥도면 신시도길 40,전북특별자치도 군산시 옥도면 신시도리 산 54,35.81812509,126.4490189
438,송현낚시터,평지,"전북특별자치도 완주군 고산면 남봉로 5-98, 송현낚시터",전북특별자치도 완주군 고산면 남봉리 470-12 송현낚시터,35.9679,127.1867
439,백화낚시터,저수지,전북특별자치도 진안군 안천면 진무로 3206,전북특별자치도 진안군 안천면 백화리 342-8,35.90144004,127.574178
440,산외 강현낚시터,기타,전북특별자치도 정읍시 산외면 상두1길 11-17,전북특별자치도 정읍시 산외면 화죽리 613-1,35.6315183,127.0596968
441,우정낚시터,기타,전북특별자치도 정읍시 소성면 소성상평로 238,전북특별자치도 정읍시 소성면 주천리 636-5,35.5603433,126.8053888
442,자바라,기타,전북특별자치도 전주시 완산구 평화로 69,전북특별자치도 전주시 완산구 평화동2가 909-3,35.7830203,127.1331617
443,송치낚시터,평지,전북특별자치도 남원시 주천면 웅치길 20,전북특별자치도 남원시 주천면 송치리 229,35.377,127.432
444,호암낚시터,기타,"전북특별자치도 임실군 신평면 호암3길 1-20, 호암사계절낚시터",전북특별자치도 임실군 신평면 호암리 174-1 호암사계절낚시터,35.654754,127.24716
445,자연을닮은사람들,저수지,,전북특별자치도 임실군 관촌면 용산리 176-6 자연을닮은사람들,35.645866,127.286135
446,자연을닮은사람들,저수지,,전북특별자치도 임실군 관촌면 용산리 176-6 자연을닮은사람들,35.645866,127.286135
447,호암낚시터,기타,"전북특별자치도 임실군 신평면 호암3길 1-20, 호암사계절낚시터",전북특별자치도 임실군 신평면 호암리 174-1 호암사계절낚시터,35.654754,127.24716
448,땅끝낚시터,바다,"전라남도 해남군 송지면 갈산길 93, 땅끝낚시터",전라남도 해남군 송지면 송호리 1220-11,34.30556,126.516116
449,해남바다낚시터,바다,"전라남도 해남군 화원면 영호길 42-18, 구성리 지선",전라남도 해남군 화원면 영호리 2-35,34.700442,126.347855
450,거금해양낚시공원,바다,전라남도 고흥군 금산면 신촌내동길 18-132,전라남도 고흥군 금산면 신촌리 1100,34.46942797,127.104524
451,홍길동낚시터,평지,전라남도 장성군 삼서면 영장로 2103,전라남도 장성군 삼서면 홍정리 85,35.2346229,126.701275
452,황룡강낚시터,평지,전라남도 장성군 장성읍 강변안길 18,전라남도 장성군 장성읍 기산리 491-6,35.297111,126.775019
453,청풍낚시터,평지,전라남도 화순군 청풍면 차풍로 370,,34.90460529,126.9802482
454,앵남낚시터,평지,전라남도 화순군 화순읍 앵무동1길 132,전라남도 화순군 화순읍 앵남리 21-3,35.05032669,126.924278
455,소경어촌계낚시터,바다,전라남도 여수시 소경도1길 15-1,전라남도 여수시 경호동 809,34.70848891,127.707826
456,돌산해양낚시공원낚시터,바다,전라남도 여수시 돌산읍 우두1길 12-13,전라남도 여수시 돌산읍 우두리 806,34.727104,127.73669
457,여수가족생활낚시터,바다,전라남도 여수시 신월1길 42 1층 신월슈퍼,전라남도 여수시 신월동 93-7,34.4258515,127.4255849
458,현대낚시터,바다,"전라남도 해남군 화원면 영호길 42-7, 민물과 바다",전라남도 해남군 화원면 영호리 2-2 민물과 바다,34.700316,126.346842
459,대광낚시터,바다,"전라남도 해남군 화원면 영호길 42-17, 대광낚시",전라남도 해남군 화원면 영호리 2-26 대광낚시,34.700623,126.34759
460,목포바지선포인트선상,바다,"전라남도 해남군 화원면 영호길 42-7, 민물과 바다",전라남도 해남군 화원면 영호리 2-2 민물과 바다,34.700316,126.346842
461,해남별암낚시터,바다,"전라남도 해남군 화원면 영호길 42-7, 민물과 바다",전라남도 해남군 화원면 영호리 2-2 민물과 바다,34.700316,126.346842
462,현대바다낚시터,바다,"전라남도 해남군 화원면 영호길 42-7, 민물과 바다",전라남도 해남군 화원면 영호리 2-2 민물과 바다,34.700316,126.346842
463,해남화원낚시터,바다,"전라남도 해남군 화원면 영호길 42-7, 민물과 바다",전라남도 해남군 화원면 영호리 2-2 민물과 바다,34.700316,126.346842
464,대광낚시터 2호,바다,"전라남도 해남군 화원면 영호길 42-7, 민물과 바다",전라남도 해남군 화원면 영호리 2-2 민물과 바다,34.700316,126.346842
465,활주로낚시터,기타,"전라남도 나주시 산포면 등정덕례길 54, 활주로낚시터랜드",전라남도 나주시 산포면 등정리 557-2 활주로낚시터랜드,35.0467,126.8193
466,콜낚시,바다,전라남도 신안군 압해읍 장감길 220,전라남도 신안군 압해읍 장감리 529-14,34.49603,126.193624
467,나룻가낚시터,바다,"전라남도 신안군 압해읍 복룡로 688-4, 나룻가횟집",전라남도 신안군 압해읍 복룡리 144-13 나룻가횟집,34.5422629,126.2031165
468,신안낚시터,바다,"전라남도 신안군 압해읍 복룡로 688-6, 복룡횟집",전라남도 신안군 압해읍 복룡리 144-4 복룡횟집,34.90533275,126.3383433
469,해성낚시터,바다,전라남도 신안군 압해읍 천사로 15,전라남도 신안군 압해읍 신장리 산 154-5,34.483486,126.20913
470,복용낚시터,바다,전라남도 신안군 압해읍 복룡로 688-8,전라남도 신안군 압해읍 복룡리 144-14,34.5441767,126.1947507
471,가우도 복합낚시공원,바다,전라남도 강진군 도암면 가우도길 2-13,전라남도 강진군 도암면 신기리 산 35-2,34.56687,126.72371
472,서중어촌체험마을,바다,전라남도 강진군 마량면 까막섬로 75-7,전라남도 강진군 마량면 마량리 1275-18,34.47072,126.82785
473,홀통낚시터,바다,전라남도 무안군 현경면 홀통길 198-1,전라남도 무안군 현경면 오류리 1367,35.06163962,126.3321694
474,늘푸른해상낚시펜션,바다,전라남도 무안군 운남면 운해로 1,전라남도 무안군 운남면 성내리 328-5,34.91535387,126.3384729
475,늘푸른낚시,바다,전라남도 무안군 운남면 운해로 1,전라남도 무안군 운남면 성내리 328-5,34.91535387,126.3384729
476,여울섬낚시체험장,바다,전라남도 무안군 망운면 탄도리 지선,,34.9953463,126.335624
477,정남진 해양낚시공원,바다,전라남도 장흥군 회진면 해양낚시길 135,전라남도 장흥군 회진면 대리 115-12,34.4706335,126.9740566
478,가란콜낚시,바다,전라남도 신안군 압해읍 장감길 220,전라남도 신안군 압해읍 장감리 529-14,34.52284,126.224746
479,해남바다낚시터2호,바다,"전라남도 해남군 화원면 영호길 42-17, 대광낚시",전라남도 해남군 화원면 영호리 2-26 대광낚시,34.700623,126.34759
480,해남화원낚시터2,바다,전라남도 해남군 화원면 영호길 78,전라남도 해남군 화원면 영호리 973-4,34.697721,126.342648
481,새마을낚시터,저수지,경상북도 경주시 내남면 내남로 393-20,경상북도 경주시 내남면 망성리 443번지,35.78205433,129.1865307
482,삼괴정낚시터,저수지,경상북도 경주시 강동면 다산길 117,경상북도 경주시 강동면 다산리 250,36.04980649,129.2594352
483,동산낚시터,저수지,경상북도 경주시 천북면 천강로 123-5,경상북도 경주시 천북면 동산리 206,35.90181187,129.275109
484,덕방낚시터,저수지,경상북도 경주시 외동읍 덕방지길 19-38,경상북도 경주시 외동읍 냉천리 342번지 13호,35.70590206,129.297816
485,인동낚시터,저수지,경상북도 경주시 강동면 인좌안길 6-1,경상북도 경주시 강동면 인동리 507번지,35.98661005,129.2624603
486,광지낚시터,저수지,경상북도 경주시 건천읍 천포방내길 98-9,경상북도 경주시 건천읍 조전리 546-4,35.83813866,129.0986789
487,구봉낚시터,저수지,경상북도 칠곡군 지천면 낙산로5길 144-55,경상북도 칠곡군 지천면 낙산리 655-4,35.94234,128.511751
488,호암지낚시터,저수지,경상북도 칠곡군 약목면 남계리 1046,경상북도 칠곡군 약목면 남계리 1046,36.024887,128.355128
489,도속지낚시터,저수지,경상북도 칠곡군 북삼읍 오평리 1381,경상북도 칠곡군 북삼읍 오평리 1381,36.055072,128.368072
490,천평지낚시터,저수지,경상북도 칠곡군 가산면 금화리 36외 25필지,경상북도 칠곡군 가산면 금화리 36외 25필지,36.076021,128.549696
491,봇또랑낚시터,기타,"경상북도 칠곡군 북삼읍 율리 549-5,551-2,551-3,553-5,549-5","경상북도 칠곡군 북삼읍 율리 549-5,551-2,551-3,553-5,549-5",36.054527,128.340378
492,이천낚시터,평지,경상북도 상주시 외서면 이천2길83,경상북도 상주시 외서면 이천리 215-4,36.47767421,128.1395139
493,아포사계절낚시터,저수지,경상북도 김천시 아포읍 제석리 1431-7,,36.1464838,128.2202
494,아포과수원낚시터,평지,경상북도 김천시 아포읍 국사리 155-1,,36.1582056,128.2494965
495,배시네낚시터,평지,경상북도 김천시 아포읍 의리 121-1,,36.1888737,128.2321408
496,복강유료낚시터,저수지,경상북도 김천시 대항면 복전리 188-2,,36.131298,128.0231607
497,강태공낚시터,기타,경상북도 칠곡군 왜관읍 애국동산로 150,경상북도 칠곡군 왜관읍 석전리 455-6,36.004523,128.411958
498,신동지낚시터,저수지,경상북도 구미시 인동가산로 590,경상북도 구미시 신동 57,36.09708,128.4749
499,물만난고기,기타,경상북도 구미시 인동중앙로 42,경상북도 구미시 인의동 365-2,36.10867,128.4229
500,역돔낚시터,평지,경상북도 문경시 문경읍 새재로 623,경상북도 문경시 문경읍 진안리 94-3,36.55211,128.232232
501,돌다리낚시터,평지,경상북도 문경시 마성면 은성길 173,경상북도 문경시 마성면 하내리 173,36.540228,128.232232
502,우지낚시터,평지,경상북도 문경시 갈밭길 7-13,경상북도 문경시 우지동 409,36.540228,128.232232
503,두메낚시터,계곡,경상북도 경산시 남천면 신방길 39,,35.760534,128.777194
504,OK낚시터,저수지,경상북도 경주시 대추밭안길 18-7(조양동),경상북도 경주시 조양동 255-1,35.7788,129.2764
505,평사낚시터,저수지,경상북도 경산시 진량읍 평사리 42-2,,35.885503,128.871725
506,삼사낚시터,평지,경상북도 영천시 고경면 추곡길 215-12,경상북도 영천시 고경면 용전리 891,35.98685782,129.0239398
507,개나리,기타,경상북도 고령군 대가야읍 정정골길 67-39,경상북도 고령군 대가야읍 쾌빈리 556-13,35.741599,128.257505
508,다산나정,기타,경상북도 고령군 다산면 나선로 312-27,경상북도 고령군 다산면 나정리 94,35.83044575,128.3995484
509,명포낚시터,평지,경상북도 성주군 선남면 명포리 15,경상북도 성주군 선남면 명포리 15,35.882386,128.331951
510,장기낚시터,기타,경상북도 안동시 북후면 북평로 697-16,경상북도 안동시 북후면 장기리 624-1,36.66993336,128.7024188
511,선어대낚시터,기타,경상북도 안동시 남선면 기느리길 252,경상북도 안동시 남선면 신석리 975,36.54445316,128.773899
512,지동낚시터,기타,경상북도 안동시 임동면 고천지촌로 1061,경상북도 안동시 임동면 지리 383-21,36.50687533,128.9941229
513,암반수낚시터,기타,경상북도 의성군 다인면 서부로 3018,경상북도 의성군 다인면 덕지리 125-1,36.46624748,128.3384845
514,매전낚시터,저수지,경상북도 청도군 매전면 온장길 142,경상북도 청도군 매전면 호화리 752-71,35.637162,128.851936
515,대물낚시터,기타,경상북도 포항시 북구 기계면 봉좌로383번길 32-2,경상북도 포항시 북구 기계면 봉계리 517-1,36.08236536,129.1615819
516,귀내낚시터,저수지,,경상북도 영주시 고현동 412-50,36.837674,128.6173471
517,파지낚시터,저수지,"경상북도 영주시 장수면 장수로 827, 파지리낚시터",경상북도 영주시 장수면 파지리 218-1 파지리낚시터,36.8021328,128.5475622
518,평은낚시터,저수지,경상북도 영주시 평은면 강동로410번길 24,경상북도 영주시 평은면 강동리 970,36.71467002,128.6879693
519,갈천유료낚시터,저수지,경상남도 고성군 대가면 갈천로 310,경상남도 고성군 대가면 갈천리 55,35.02673,128.251947
520,니모실내낚시카페,기타,"경남 창녕군 창녕읍 종로15, B01호(낙원빌라)",경남 창녕군 창녕읍 교하리 46-2 낙원빌라 B01호,35.53866,128.4977488
521,달창유로낚시터,기타,"경남 창녕군 성산면 방리 1067-14, 1067-44","경남 창녕군 성산면 방리 1067-14, 1067-44",35.6091748,128.5156706
522,중화어촌계낚시터,바다,,경상남도 통영시 산양읍 연화리 산 228,34.780811,128.379185
523,도동 낚시터,바다,경상남도 통영시 욕지면 욕지일주로 896-104,경상남도 통영시 욕지면 서산리 606,34.679583,128.253251
524,용머리낚시터,바다,경상남도 통영시 욕지면 연화리 산 13,경상남도 통영시 욕지면 연화리 산 13,34.65714676,128.3469023
525,동영낚시터,바다,경상남도 통영시 욕지면 연화리 산 145-1,경상남도 통영시 욕지면 연화리 산 145-1,34.64936942,128.3490952
526,능양유료낚시터,바다,경상남도 통영시 사량면 양지리 산 94,경상남도 통영시 사량면 양지리 산 94,34.80872192,128.2405895
527,유동낚시터,바다,경상남도 통영시 욕지면 서산리 117-1 마을회관,경상남도 통영시 욕지면 서산리 117-1 마을회관,34.80872192,128.2405895
528,한마음낚시터,바다,경상남도 통영시 욕지면 노대리 44-1,경상남도 통영시 욕지면 노대리 44-1,34.66611518,128.2483465
529,통영등대낚시공원,바다,경상남도 통영시 산양읍 영운리 72-12,경상남도 통영시 산양읍 영운리 72-12,34.81074538,128.441055
530,제2유동낚시터,바다,경상남도 통영시 욕지면 서산리 산33,경상남도 통영시 욕지면 서산리 산33,34.61695055,128.2325726
531,중화어촌계낚시터,바다,경상남도 통영시 산양읍 연화리 산228,경상남도 통영시 산양읍 연화리 산228,34.77924079,128.3789691
532,외지유료낚시터,바다,경상남도 통영시 사량면 양지리 677-6,경상남도 통영시 사량면 양지리 677-6,34.81235844,128.2147933
533,옥동산내어촌계 유료낚시터,바다,경상남도 통영시 욕지면 동항리 183-4,경상남도 통영시 욕지면 동항리 183-4,34.63404947,128.2808186
534,백학어촌계 유료낚시터,바다,경상남도 통영시 사량면 양지리 산 88-1,경상남도 통영시 사량면 양지리 산 88-1,34.80861114,128.2550604
535,사량도 바다낚시터,바다,경상남도 통영시 사량면 금평리 247-10,경상남도 통영시 사량면 금평리 247-10,34.84478654,128.223943
536,탄항좌대낚시터,바다,경상남도 통영시 욕지면 노대리 산14-6,경상남도 통영시 욕지면 노대리 산14-6,34.679583,128.253251
537,동두좌대낚시터,바다,경상남도 통영시 욕지면 연화리 산2-45,경상남도 통영시 욕지면 연화리 산2-45,34.642713,128.369739
538,장촌낚시터,바다,경상남도 통영시 산양읍 풍화리 343-1,경상남도 통영시 산양읍 풍화리 343-1,34.817821,128.37093
539,동머리낚시터,바다,경상남도 통영시 욕지면 연화리 산2-46,경상남도 통영시 욕지면 연화리 산2-46,34.642236,128.370198
540,노대조은낚시터,바다,경상남도 통영시 욕지면 노대리 산15-24,경상남도 통영시 욕지면 노대리 산15-24,34.669446,128.251937
541,지정낚시터,평지,경상남도 의령군 지정면 함의로 1360-17,경상남도 의령군 지정면 봉곡리 206-2,35.37455951,128.402504
542,필봉정낚시터,평지,,경상남도 김해시 대동면 괴정리 311-3번지,35.26130932,128.9836764
543,화현낚시터,평지,,경상남도 김해시 상동면 감노리 17번지,35.33559343,128.9393673
544,다낚아 낚시터,기타,경상남도 김해시 함박로 119번길 17,경상남도 김해시 외동 1259-4번지 201호,35.23363583,128.8672616
545,대도유료낚시터,기타,"경상남도 하동군 금남면 대도길 117, 대도복지회관",경상남도 하동군 금남면 대도리 143-2 대도복지회관,34.932254,127.832022
546,송문유료낚시터,기타,경상남도 하동군 금남면 미법마을길 40-5,경상남도 하동군 금남면 송문리 741,34.951171,127.855957
547,황금빛노을바다 낚시터,바다,경상남도 사천시 사천대로 35,경상남도 사천시 대방동 759번지 지선 해역,34.93373613,128.0490197
548,황금빛노을바다 낚시터 2호,바다,경상남도 사천시 해안관광로,경상남도 사천시 실안동 1129번지 지선 해역,34.95223985,128.0336695
549,산분령 유료 낚시터,바다,경상남도 사천시 해안관광로,경상남도 사천시 실안동 산 31-2번지 지선 해역,34.95208657,128.0337571
550,대포황토펜션 낚시터,바다,경상남도 사천시 대례길,경상남도 사천시 대포동 457번지 지선 해역,34.99028857,128.0413317
551,저도 유료낚시터,바다,경상남도 사천시 저도길,경상남도 사천시 마도동 산15-3번지 지선 해역,34.94374921,128.0289693
552,사항어촌계 낚시터,바다,경상남도 남해군 미조면 미조로 212,경상남도 남해군 미조면 미조리 168-46,34.70905674,128.0482496
553,사항제2낚시터,바다,경상남도 남해군 미조면 미조로 212,경상남도 남해군 미조면 미조리 168-46,34.708829,128.058231
554,설리 낚시터,바다,경상남도 남해군 미조면 미송로303번안길 8-13,경상남도 남해군 미조면 송정리 985-1,34.706407,128.024712
555,설리바다낚시터,바다,경상남도 남해군 미조면 미송로303번안길 8-13,경상남도 남해군 미조면 송정리 985-1,34.704381,128.027913
556,원전어촌계 (태진)낚시터,바다,경상남도 창원시 마산합포구 구산면 이순신로 644,경상남도 창원시 마산합포구 구산면 심리 산 2번지 앞 지선 해역 일원,35.04,128.38
557,원전어촌계 (태양)낚시터,바다,경상남도 창원시 마산합포구 구산면 이순신로 644,경상남도 창원시 마산합포구 구산면 심리 산 2번지 앞 지선 해역 일원,35.04,128.38
558,원전어촌계 (천수)낚시터,바다,경상남도 창원시 마산합포구 구산면 이순신로 644,경상남도 창원시 마산합포구 구산면 심리 산 2번지 앞 지선 해역 일원,35.04,128.38
559,원전어촌계 (조선)낚시터,바다,경상남도 창원시 마산합포구 구산면 이순신로 644,경상남도 창원시 마산합포구 구산면 심리 산 2번지 앞 지선 해역 일원,35.04,128.38
560,원전어촌계 (재영)낚시터,바다,경상남도 창원시 마산합포구 구산면 이순신로 644,경상남도 창원시 마산합포구 구산면 심리 산 2번지 앞 지선 해역 일원,35.04,128.38
561,원전어촌계 (용마)낚시터,바다,경상남도 창원시 마산합포구 구산면 이순신로 644,경상남도 창원시 마산합포구 구산면 심리 산 2번지 앞 지선 해역 일원,35.04,128.38
562,원전어촌계 (쌍둥이2)낚시터,바다,경상남도 창원시 마산합포구 구산면 이순신로 644,경상남도 창원시 마산합포구 구산면 심리 산 2번지 앞 지선 해역 일원,35.04,128.38
563,원전어촌계 (쌍둥이1)낚시터,바다,경상남도 창원시 마산합포구 구산면 이순신로 644,경상남도 창원시 마산합포구 구산면 심리 산 2번지 앞 지선 해역 일원,35.03,128.38
564,원전어촌계 (순찬)낚시터,바다,경상남도 창원시 마산합포구 구산면 이순신로 644,경상남도 창원시 마산합포구 구산면 심리 산 4-4번지 앞 지선 해역 일원,35.04,128.38
565,원전어촌계 (성용)낚시터,바다,경상남도 창원시 마산합포구 구산면 이순신로 644,경상남도 창원시 마산합포구 구산면 심리 산 2번지 앞 지선 해역 일원,35.04,128.38
566,원전어촌계 (선창)낚시터,바다,경상남도 창원시 마산합포구 구산면 이순신로 644,경상남도 창원시 마산합포구 구산면 심리 산 2번지 앞 지선 해역 일원,35.04,128.38
567,원전어촌계 (삼정)낚시터,바다,경상남도 창원시 마산합포구 구산면 이순신로 644,경상남도 창원시 마산합포구 구산면 심리 산 2번지 앞 지선 해역 일원,35.04,128.38
568,원전어촌계 (삼성)낚시터,바다,경상남도 창원시 마산합포구 구산면 이순신로 644,경상남도 창원시 마산합포구 구산면 심리 산 2번지 앞 지선 해역 일원,35.03,128.38
569,원전어촌계 (뱃머리)낚시터,바다,경상남도 창원시 마산합포구 구산면 이순신로 644,경상남도 창원시 마산합포구 구산면 심리 산 2번지 앞 지선 해역 일원,35.04,128.38
570,원전어촌계 (바다)낚시터,바다,경상남도 창원시 마산합포구 구산면 이순신로 644,경상남도 창원시 마산합포구 구산면 심리 산 4-4번지 앞 지선 해역 일원,35.04,128.38
571,원전어촌계 (대봉)낚시터,바다,경상남도 창원시 마산합포구 구산면 이순신로 644,경상남도 창원시 마산합포구 구산면 심리 산 2번지 앞 지선 해역 일원,35.04,128.38
572,원전어촌계 (강민)낚시터,바다,경상남도 창원시 마산합포구 구산면 이순신로 644,경상남도 창원시 마산합포구 구산면 심리 산 2번지 앞 지선 해역 일원,35.04,128.38
573,원전어촌계 (가고파)낚시터,바다,경상남도 창원시 마산합포구 구산면 이순신로 644,경상남도 창원시 마산합포구 구산면 심리 산 2번지 앞 지선 해역 일원,35.04,128.38
574,실리도 어촌계 (한마음2)낚시터,바다,경상남도 창원시 마산합포구 구산면 실리섬길 3,경상남도 창원시 마산합포구 구산면 심리 산 1번지 앞 지선 해역 일원,35.03,128.38
575,실리도 어촌계 (한마음1)낚시터,바다,경상남도 창원시 마산합포구 구산면 실리섬길 3,경상남도 창원시 마산합포구 구산면 심리 산 1번지 앞 지선 해역 일원,35.03,128.38
576,실리도 어촌계 (선창2)낚시터,바다,경상남도 창원시 마산합포구 구산면 이순신로 644,경상남도 창원시 마산합포구 구산면 심리 산 2번지 앞 지선 해역 일원,35.03,128.38
577,실리도 어촌계 (백마)낚시터,바다,경상남도 창원시 마산합포구 구산면 이순신로 644,경상남도 창원시 마산합포구 구산면 심리 산 2번지 앞 지선 해역 일원,35.04,128.38
578,실리도 어촌계 (반야2)낚시터,바다,경상남도 창원시 마산합포구 구산면 실리섬길 3,경상남도 창원시 마산합포구 구산면 심리 산 1번지 앞 지선 해역 일원,35.03,128.38
579,실리도 어촌계 (반야1)낚시터,바다,경상남도 창원시 마산합포구 구산면 실리섬길 3,경상남도 창원시 마산합포구 구산면 심리 산 1번지 앞 지선 해역 일원,35.03,128.38
580,실리도 어촌계 (금양)낚시터,바다,경상남도 창원시 마산합포구 구산면 이순신로 644,경상남도 창원시 마산합포구 구산면 심리 산 2번지 앞 지선 해역 일원,35.03,128.38
581,시락어촌계낚시터(3동),바다,경상남도 창원시 마산합포구 진전면 회진로 1123-25,경상남도 창원시 마산합포구 진전면 시락리 산 155-5번지 지선 공유수면,35.04,128.26
582,선창어촌계낚시터,바다,경상남도 거제시 일운면 지세포해안로 242,경상남도 거제시 일운면 지세포리 292,34.834592,128.716089
583,산천낚시터,기타,경상남도 양산시 하북면 백록로 123,경상남도 양산시 하북면 백록리 272-1,35.459104,129.085365
584,용연낚시터,기타,경상남도 양산시 하북면 삼리길 62-10,경상남도 양산시 하북면 용연리 613,35.444533,129.079991
585,화제낚시터,기타,경상남도 양산시 원동로 715-33,경상남도 양산시 원동면 화제리 3094-3,35.341618,128.969791
586,원실내바다낚시터,기타,경상남도 양산시 용주로 65,경상남도 양산시 용당동 907-4,35.430959,129.178288
587,유호어촌계낚시터,바다,경상남도 거제시 장목면 유호1길 73,,35.03,128.71
588,덕포어촌계낚시터,바다,,경상남도 거제시 덕포동 38-6,34.91,128.71
589,시방어촌계낚시터,바다,,경상남도 거제시 장목면 시방리 지선,34.96,128.71
590,장승포어촌계낚시터,바다,,경상남도 거제시 장승포동 산11-4 지선,34.86,128.73
591,도장포어촌체험마을낚시터,바다,,경상남도 거제시 남부면 갈곶리 산 28번지 지선,34.74,128.66
592,청곡어촌계낚시터,바다,,경상남도 거제시 사등면 오량리 산153 지선,34.89,128.48
593,능포어촌게낚시터,바다,경상남도 거제시 능포로16길 55,,34.88,128.74
594,바지선 선상낚시,바다,,제주특별자치도 서귀포시 토평동 516 남측 450m 지선,33.24568966,126.5775385
595,낚고락고,바다,제주특별자치도 제주시 조천읍 조함해안로 247-2,제주특별자치도 제주시 조천읍 신흥리 711-1,33.55126326,126.6469431
596,올레바당체험마을,바다,,제주특별자치도 제주시 한림읍 수원리 724-5,33.42543711,126.2640929
597,동화낚시터,기타,대구광역시 북구 동변로 24길 106(동변동),대구광역시 북구 동변동 132,35.92974,128.603563
598,무태낚시터,기타,,"대구광역시 북구 연경동 570-14, 570-35",35.935017,128.608374
599,낭만물고기실내바다낚시터,기타,대구광역시 북구 칠곡중앙대로 447(관음동),대구광역시 북구 관음동 1402-2,35.5609,128.3255
600,눈큰실내낚시터,기타,대구광역시 북구 태전로 57 (태전동),대구광역시 북구 태전동 254-32,35.9254,128.54324
601,비들지낚시터,저수지,대구광역시 군위군 군위읍 구지길 95,대구광역시 군위군 군위읍 금구리 267,36.2031,128.5722
602,대평낚시터,저수지,대구광역시 달성군 하빈면 하빈로 832,대구광역시 달성군 하빈면 대평리 934,35.93002896,128.4692446
603,도채낚시터,저수지,대구광역시 달성군 하빈면 묘동3길 122-60,대구광역시 달성군 하빈면 묘리 585-3,35.91802965,128.4215712
604,가곡낚시터,저수지,,대구광역시 달성군 하빈면 무등리 274,35.92279194,128.4667287
605,옥포낚시터,기타,,대구광역시 달성군 옥포읍 김흥리 408,35.747717,128.4924402
606,문양낚시터,저수지,대구광역시 달성군 다사읍 장귀미길 123,대구광역시 달성군 다사읍 문양리 815-1,35.74332817,128.4354565
607,약산낚시터,저수지,대구광역시 달성군 논공읍 약산덧재길 159,대구광역시 달성군 논공읍 하리 327-3,35.74332817,128.4354565
608,㈜정성레저,바다,인천광역시 중구 백운로186번길 140-1 (중산동),인천광역시 중구 중산동 1852,37.51420751,126.5436932
609,포인트실내낚시카페낚시터,기타,"인천광역시 중구 우현로 63, 몽벨,대한애경미용학원,이용화이비인후과 (내동)","인천광역시 중구 내동 203-6 몽벨,대한애경미용학원,이용화이비인후과",37.4728317,126.6289879
610,(주)영종레저,바다,"인천광역시 중구 영종순환로 279-20, 만정낚시터 (중산동)",인천광역시 중구 중산동 1853 만정낚시터,37.5154665,126.5499277
611,대동실내낚시터,기타,"인천광역시 서구 심곡로 133, 대동상가 지하 1층 (심곡동)",인천광역시 서구 심곡동 285 대동아파트,37.5448556,126.681633
612,두밀촌 낚시터,평지,인천광역시 서구 두밀로 91 (대곡동),인천광역시 서구 대곡동 260,37.629314,126.669252
613,인천 락 실내바다낚시터,기타,인천광역시 서구 한서로 36-10 (백석동),인천광역시 서구 백석동 212-70,37.580627,126.658552
614,놀이터 실내낚시카페,기타,"인천광역시 서구 가정로 208, 지하 1층 (석남동)",인천광역시 서구 석남동 540-15,37.503318,126.672398
615,가현산낚시터,평지,인천광역시 서구 가현산로23번길 87 (마전동),인천광역시 서구 마전동 3,37.621208,126.653839
616,낭만물고기,기타,"인천광역시 서구 검단로 492, 지하 1층 (마전동)",인천광역시 서구 마전동 979-4,37.602229,126.658856
617,내동저수지낚시터,저수지,인천광역시 옹진군 영흥면 내동로 100-15,인천광역시 옹진군 영흥면 내리 496-52,37.266755,126.48144
618,용담낚시터,기타,"인천광역시 옹진군 영흥면 영흥남로9번길 309, 용담어촌계축양장",인천광역시 옹진군 영흥면 외리 21-6 용담어촌계축양장,37.241739,126.476374
619,선재낚시터,기타,"인천광역시 옹진군 영흥면 선재로265번길 103, 선재고물상",인천광역시 옹진군 영흥면 선재리 산 24-2 선재고물상,37.251392,126.516174
620,영흥바다낚시터,기타,"인천광역시 옹진군 영흥면 영흥로176번길 21, 낚시터",인천광역시 옹진군 영흥면 내리 38-4 낚시터,37.260772,126.492238
621,선재 낚시공원 낚시터,기타,인천광역시 옹진군 영흥면 선재로226번길 164,인천광역시 옹진군 영흥면 선재리 521-34,37.254218,126.522002
622,DMZ실내낚시터,기타,"인천광역시 계양구 경명대로 1056, 지층 1호 (계산동)",인천광역시 계양구 계산동 944-9,37.54328641,126.7241381
623,삼성낚시터,기타,인천광역시 강화군 불은면 삼성리 1123 외,,37.414703,126.262973
624,황산초지사계절바다낚시터,기타,"인천광역시 강화군 길상면 초지리 1325-57, 1325-58-, 1325-59",,37.62125051,126.5347876
625,어류정낚시터,기타,인천광역시 강화군 삼산면 매음리 114-72,,37.66107251,126.336902
626,강화선두바다낚시터,기타,인천광역시 강화군 길상면 선두리 976-20,,37.60086755,126.4935967
627,강화바다낚시터,기타,인천광역시 강화군 길상면 장흥리 276-5,,37.60690383,126.5168784
628,길상낚시터,저수지,인천광역시 강화군 길상면 장흥리 16,,37.62515984,126.5012775
629,동검낚시터,저수지,인천광역시 강화군 길상면 동검리 109-1,,37.58768059,126.5222735
630,양오낚시터,저수지,인천광역시 강화군 송해면 양오리 10-2,,37.80023879,126.4474212
631,고구낚시터,저수지,인천광역시 강화군 교동면 고구리 243 외,,37.79635,126.292765
632,항포낚시터,저수지,인천광역시 강화군 삼산면 석모리 1148,,37.70636707,126.2840291
633,신선지낚시터,저수지,인천광역시 강화군 내가면 고천리 1852-1,,37.72045498,126.4152577
634,길정낚시터,저수지,인천광역시 강화군 양도면 길정리 403-1,,37.66259233,126.467195
635,오류내낚시터,저수지,인천광역시 강화군 송해면 하도리 621,,37.75926215,126.4520722
636,국화낚시터,저수지,인천광역시 강화군 강화읍 국화리 450,,37.74460253,126.4619292
637,내가낚시터,저수지,인천광역시 강화군 내가면 고천리 462,,37.72518794,126.3936217
638,황청낚시터,저수지,인천광역시 강화군 내가면 황청리 531,,37.71508509,126.3638447
639,인산낚시터,저수지,인천광역시 강화군 양도면 인산리 105,,37.69854279,126.4312672
640,파도바다 실내낚시터,기타,"인천광역시 남동구 남동대로 897번길 5, 제지층(간석동)",인천광역시 남동구 간석동 283-1 제지층,37.4623753,126.7077663
641,놀러와 실내낚시터,기타,"인천광역시 남동구 백범로 203, 지층 102호(만수동)",인천광역시 남동구 만수동 897-2,37.45945344,126.7261954
642,어썸 실내낚시카페,기타,"인천광역시 남동구 백범로 417, 지하1층(간석동)",인천광역시 남동구 간석동 238-9,37.4672684,126.7025735
643,나까보까 실내낚시터,기타,"인천광역시 남동구 구월로 291, 지하1층(만수동)",인천광역시 남동구 만수동 906-19,37.4558425,126.7207845
644,얼빵 낚시카페,기타,"인천광역시 남동구 인주대로 580, 지하 2층(구월동)",인천광역시 남동구 구월동 1126,37.4497578,126.6991131
645,또와또 실내낚시터,기타,인천광역시 남동구 남동대로 881 지하층(간석동),인천광역시 남동구 간석동 284-2,37.4656135,126.707077
646,남촌낚시터,기타,인천광역시 남동구 남촌로 67번길 60-3(남촌동),인천광역시 남동구 남촌동 582,37.4266899,126.7128884
647,소래바다낚시터,기타,인천광역시 남동구 소래로 154번길 25-40(논현동),인천광역시 남동구 논현동 33-14,37.40682335,126.7405419
648,영종뚜루실내바다낚시터,기타,"인천광역시 중구 영종진광장로 45, 3층 (중산동)",인천광역시 중구 중산동 1938-8,37.495641,126.578576
649,J&D 실내바다낚시터,기타,"인천광역시 중구 서해대로417번길 2, 재향군인회관 지1층 (신흥동2가)",인천광역시 중구 신흥동2가 54-7 재향군인회관,37.464197,126.633021
650,천혜바다낚시터,저수지,인천광역시 중구 중산로 124 (중산동),인천광역시 중구 중산동 1125-13,37.509454,126.564985
651,주주실내낚시클럽,기타,"인천광역시 미추홀구 주안로 113, 덕진빌딩 지하2층 (주안동)",인천광역시 미추홀구 주안동 130-5 덕진빌딩,37.46425733,126.6822339
652,도시어부낚시카페,기타,"인천광역시 미추홀구 주안로104번길 24, 지하2층제2호(주안동)",인천광역시 미추홀구 주안동 143-1,37.46282174,126.6809926
653,뚜루실내바다낚시터,기타,"인천광역시 서구 세자봉로 97-12, 공장 (금곡동)",인천광역시 서구 금곡동 90-8 공장,37.612035,126.64947
654,피싱카페낚시터,기타,"광주광역시 동구 서석로85번길 8-13, 지하1층(대의동)",광주광역시 동구 대의동 2,35.15032933,126.9205759
655,붕어의 신 실내낚시터,기타,광주광역시 동구 중앙로 157(호남동),광주광역시 동구 호남동 35-3,35.14828344,126.9129881
656,신가리낚시터,기타,광주광역시 광산구 풍영철길로 190-23 (신가동),광주광역시 광산구 신가동 200-181,35.17240056,126.8285034
657,상무낚시터,기타,광주광역시 서구 유덕로141번길 31-1,광주광역시 서구 덕흥동 26-1,35.16357724,126.8386542
658,물만난고기,기타,"대전 중구 대종로 488번길 39, 지하(은행동)",,36.329039,127.42833
659,Love낚시카페,기타,"대전광역시 서구 관저로 160, 지하1층",,36.29872121,127.3395894
660,우명실내낚시터,기타,대전광역시 서구 우명길 148(우명동),,36.2287571,127.2935111
661,물만난고기,기타,"대전광역시 중구 대종로 488번길 39, 지하(은행동)",대전광역시 중구 은행동 45-2,36.329039,127.42833
662,물만난고기,기타,"대전광역시 중구 대종로 488번길 39, 지하(은행동)",대전광역시 중구 은행동 45-2,36.329039,127.42833
663,물만난고기,기타,"대전광역시 중구 대종로 488번길 39, 지하(은행동)",대전광역시 중구 은행동 45-2,36.329039,127.42833
664,송정유료낚시터,바다,울산광역시 서생면 해맞이로 1331,울산광역시 울주군 서생면 대송리 339-8,35.3669,129.35324
665,원실내낚시터,기타,울산광역시 울주군 온산읍 신온8길 20-6,울산광역시 울주군 온산읍 덕신리 433-7,35.4292604,129.3109347
666,당사해양낚시공원,바다,울산광역시 북구 용바위1길 58 (당사동),울산광역시 북구 당사동 508,35.581079,129.455723
667,해적바다실내낚시터,기타,"울산광역시 동구 화잠로 105, 지하 1층 (방어동)",울산광역시 동구 방어동 1024-12,35.47849091,129.413984
668,조치원낚시터,평지,세종시 전동면 전동로 245,세종시 전동면 노장리 543-1,36.672891,127.269954
669,잡아잡아낚시카페,기타,세종시 조치원읍 새내16길 28,세종시 조치원읍 교리 17-14,36.604395,127.298527
670,용천농장낚시터,평지,세종시 금남면 황토고개길 80-10,세종시 금남면 원봉리 546-2,36.453638,127.233773
671,어심바다낚시터,바다,"경기도 안산시 단원구 잘푸리길 109, 어심바다낚시터 (대부남동)",경기도 안산시 단원구 대부남동 1109,37.23606522,126.5658309
672,해솔바다낚시터,바다,"경기도 안산시 단원구 구봉길 152, 해솔바다낚시터 (대부북동)",경기도 안산시 단원구 대부북동 1870-105,37.27837617,126.5542115
673,우리실내낚시터,평지,"경기도 안산시 단원구 화랑로 28, 우리실내바다낚시터 지하1층 (원곡동)",경기도 안산시 단원구 원곡동 763-5 지하1층,37.3321166,126.7960887
674,k3바다낚시터,바다,"경기도 안산시 단원구 작은상재미길 86, k3바다낚시터 (대부동동)",경기도 안산시 단원구 대부동동 643-35 해성바다낚시터,37.25218005,126.6139694
675,등대바다낚시터,바다,"경기도 안산시 단원구 금당구지길 91, 등대바다낚시터 (대부남동)",경기도 안산시 단원구 대부남동 187-4,37.23054271,126.5905621
676,북동낚시터,저수지,"경기도 안산시 단원구 뻐꾹산길 98, 북동낚시터 (대부북동)",경기도 안산시 단원구 대부북동 999,37.25690318,126.5810408
677,조부장바다낚시터,바다,"경기도 안산시 단원구 구봉길 55, 조부장바다낚시터 (대부북동)",경기도 안산시 단원구 대부북동 1865-240,37.27139676,126.5618899
678,대부도바다낚시터,바다,"경기도 안산시 단원구 구봉타운길 22, 대부도바다낚시터 (대부북동)",경기도 안산시 단원구 대부북동 1870-72,37.27772841,126.5516876
679,수암낚시터,저수지,"경기도 안산시 상록구 지장골길 51-18, 수암낚시터 (수암동)",경기도 안산시 상록구 수암동 17,37.37232031,126.8808464
680,독도바다낚시터,바다,"경기도 안산시 단원구 새방죽길 165, 독도바다낚시터 (대부북동)",경기도 안산시 단원구 대부북동 642-172,37.23985943,126.5660486
681,하늘바다낚시터,바다,"경기도 안산시 단원구 작은상재미길 99, 하늘바다낚시터 (대부동동)",경기도 안산시 단원구 대부동동 643-9 하늘바다낚시터,37.23338146,126.6077971
682,못말낚시터,평지,경기도 양주시 남면 현석로 781-14,경기도 양주시 남면 경신리 222,37.85149836,126.9821002
683,용암낚시터,저수지,,경기도 양주시 은현면 용암리 346-2,37.85284499,127.0500455
684,살구골낚시터,평지,,경기도 양주시 은현면 도하리 396,37.84001046,127.0042246
685,신암낚시터,저수지,경기도 양주시 남면 감악산로 514번길 365,경기도 양주시 남면 신암리 158,37.91971034,126.9640752
686,남방낚시터,저수지,경기도 양주시 양주산성로 280-7,경기도 양주시 어둔동 159,37.77576379,127.0180123
687,효촌낚시터,저수지,,경기도 양주시 광적면 효촌리 337-1,37.87937325,126.9561064
688,봉암낚시터,저수지,경기도 양주시 남면 양연로173번길 82-28,경기도 양주시 남면 황방리 230,37.9234617,126.994659
689,원당,저수지,,경기도 양주시 남면 황방리 377-1,37.92235363,126.9869436
690,칠봉산,평지,경기도 양주시 천보산로 201,경기도 양주시 회암동 194,37.85687137,127.0985831
691,광사,평지,경기도 양주시 부흥로 1864-40,경기도 양주시 광사동 373-10,37.7885519,127.0709504
692,동산,저수지,경기도 양주시 남면 감악산로514번길 54-20,경기도 양주시 남면 신암리 99-4,37.90829399,126.9653998
693,장자원,평지,경기도 양주시 장흥면 일영로502번길 2-105,경기도 양주시 장흥면 삼상리 455-1,37.68574374,126.9285218
694,은현피싱타운,평지,경기도 양주시 은현면 그루고개로490번길 49-27,경기도 양주시 은현면 도하리 120-4,37.85146262,127.0157938
695,삼하,평지,,"경기도 양주시 장흥면 삼하리 198-1,3,4",37.67330775,126.9088062
696,송추,평지,경기도 양주시 장흥면 호국로 586-24,경기도 양주시 장흥면 울대리 426-1,37.7177652,126.9792169
697,일영낚시터,평지,,경기도 양주시 장흥면 일영리 572-4,37.70596996,126.9315963
698,자일낚시터,저수지,경기도 의정부시 호국로1860번길 79,,37.77156,127.105302
699,가자실내낚시터,기타,경기도 의정부시 시민로 117(의정부동),,37.738678,127.04832
700,또또와 실내낚시카페,기타,경기도 의정부시 추동로19번길 7,,37.743652,127.057607
701,부림낚시터(부림저수지),저수지,경기도 양평군 개군면 불곡덕고갯길 134-66,경기도 양평군 개군면 부리 360,37.43924011,127.5477091
702,수곡낚시터(어은저수지),저수지,경기도 양평군 지평면 어은길 71,경기도 양평군 지평면 수곡리 95-3,37.44059045,127.5999993
703,월산낚시터(월산저수지),저수지,,경기도 양평군 지평면 월산리 525,37.47269801,127.6511908
704,백동낚시터(백동저수지),저수지,,경기도 양평군 단월면 덕수리 20,37.56063061,127.6867879
705,그린낚시터(전수저수지),저수지,경기도 양평군 강하면 수대길 110,경기도 양평군 강하면 전수리 215,37.48031275,127.4263199
706,신애낚시터,저수지,경기도 양평군 양평읍 새만이길 86,경기도 양평군 양평읍 신애리 236,37.51020947,127.4959266
707,오빈낚시터(오빈저수지),저수지,,경기도 양평군 양평읍 덕평리 414-8,37.50612798,127.4898977
708,대석낚시터(대석저수지),저수지,경기도 양평군 강상면 강남로 1811,경기도 양평군 강상면 대석리 114,37.4269477,127.4777729
709,향리낚시터(향리저수지),저수지,경기도 양평군 개군면 아랫상골길 45,경기도 양평군 개군면 향리 131-2,37.43479102,127.5667369
710,세월낚시터,저수지,,경기도 양평군 강상면 세월리 586-2,37.44519278,127.4805659
711,대명낚시터,저수지,경기도 양평군 단월면 소부록길 35,경기도 양평군 단월면 부안리 379-2,37.56866935,127.6741137
712,피쉬랜드낚시터,저수지,경기도 양평군 강하면 강하2로 367,경기도 양평군 강하면 성덕리 262-4,37.46486201,127.4205487
713,고재낚시터,저수지,경기도 양평군 지평면 고재길 108,경기도 양평군 지평면 곡수리 536,37.42743942,127.606234
714,이화,기타,,김포시 고촌읍 태리 584-3,37.59474754,126.7371851
715,그린,기타,경기도 김포시 고촌읍 인향로210번길 52,김포시 고촌읍 태리 968,37.58613284,126.7550609
716,대원,기타,,김포시 통진읍 옹정리 168,37.69198293,126.5633697
717,구래,기타,경기도 김포시 양촌읍 김포한강8로 100-59,"김포시 양촌읍 구래리 667-1,4,5,12",37.6299166,126.6393915
718,태리,기타,,"김포시 고촌읍 태리 195-1, 196",37.59677976,126.7476294
719,조강,저수지,,김포시 월곶면 조강리 230-10번지 외 20필지,37.74525183,126.5719274
720,김포실내바다낚시터,기타,경기도 김포시 대곶면 대곶서로 283-25,김포시 대곶면 율생리 623-18,37.64514736,126.5806472
721,김포,기타,,"김포시 하성면 양택리 91, 125, 125-1, -3, -4, -5",37.73401049,126.622395
722,고정,기타,경기도 김포시 통진읍 고척로 104,김포시 통진읍 고정리 407,37.71745781,126.5874016
723,고막낚시터,저수지,경기도 김포시 월곶면 애기봉로 85-12,김포시 월곶면 고막리 403-1,37.72184279,126.5581979
724,아리수,기타,,"김포시 하성면 후평리 42, 45",37.74917318,126.6513078
725,김포 피싱존,기타,경기도 김포시 양촌읍 석모로44번길 93,김포시 양촌읍 석모리 758,37.65637157,126.6470106
726,드림바다실내낚시터,기타,경기도 김포시 풍무로9번길 26,김포시 풍무동 597-1,37.59759729,126.7201017
727,놀러와실내낚시카페,평지,"경기도 안산시 상록구 샘골로 159, 창원빌딩 지하1층 2~3호 (본오동)",경기도 안산시 상록구 본오동 879-9 창원빌딩 지하1층 2~3호,37.2980656,126.862948
728,낚시존낚시카페,평지,"경기도 안산시 단원구 고잔로 76, 영풍빌딩 지하1층 37~41호 (고잔동)",경기도 안산시 단원구 고잔동 533-3 영풍빌딩 37~41호,37.3188909,126.8348385
729,꾼낚시카페,평지,"경기도 안산시 단원구 고잔2길 38, 중앙상가 지하층 1,2,3호 (고잔동)","경기도 안산시 단원구 고잔동 537-2 중앙상가 1,2,3호",37.31756622,126.8353289
730,밤밭,저수지,경기도 포천시 가산면 포천로 912번길 143-94,,37.84250079,127.2136439
731,가산낚시터,저수지,경기도 포천시 가산면 우금길 13-32,,37.82549928,127.2125165
732,중리테마파크,저수지,경기도 포천시 관인면 지장산길 65,,38.10167638,127.1992908
733,금주,저수지,경기도 포천시 영중면 물안길 135,,37.97376415,127.2701662
734,지청,저수지,경기도 포천시 일동면 청지로 150-41,,37.95845374,127.3300224
735,마전,저수지,경기도 포천시 가산면 마전길 129-1,,37.84907203,127.2139254
736,용담대물,저수지,경기도 포천시 관인면 사정리 384-3,경기도 포천시 관인면 사정리 384-3,38.13744071,127.2617286
737,직두리,저수지,경기도 포천시 군내면 진구자리1길 14,,37.87725794,127.2300427
738,새마을,저수지,경기도 포천시 군내면 좌의길 79,,37.86264904,127.2152827
739,무네미,저수지,경기도 포천시 군내면 유교리 88번길 43,,37.86690636,127.1949493
740,내촌,저수지,경기도 포천시 내촌면 내진로 30번길 64,,37.7872828,127.2235448
741,동교,저수지,경기도 포천시 동교동 670-3,경기도 포천시 동교동 670-3,37.85092126,127.1224802
742,수목원레저,저수지,경기도 포천시 소흘읍 직동길 28,,37.76563953,127.1700127
743,황금연못,저수지,경기도 포천시 신북면 포천로 2371,,37.96116913,127.1933304
744,태산,저수지,경기도 포천시 영북면 호국로 3421번길 8,,38.04295578,127.2655168
745,초원,저수지,경기도 포천시 자작동 자작로3길85,,37.87683209,127.1691193
746,우금,저수지,경기도 포천시 가산면 우금6길 43-44,,37.84002891,127.2164266
747,밤밭실내낚시터,저수지,경기도 포천시 가산면 포천로 912번길 143-94,,37.84250079,127.2136439
748,동교실내,저수지,경기도 포천시 동교동 원동교길 268,,37.85123047,127.1226637
749,수목원,저수지,경기도 포천시 소흘읍 직동리 80-4,경기도 포천시 소흘읍 직동리 80-4,37.76614895,127.1690342
750,금강,저수지,경기도 포천시 일동면 새낭로 66,,37.98426442,127.3346887
751,고일,저수지,경기도 포천시 신북면 포천로 2721번길 157,,37.97524619,127.1728453
752,길명,저수지,경기도 포천시 일동면 영일로 316,,37.94734418,127.2596293
753,운천낚시공원,저수지,경기도 포천시 영북면 호국로 4350번길 136-204,,38.09911938,127.2972835
754,88실내바다낚시터,기타,경기도 고양시 덕양구 고골길116번길 14-67(관산동),,37.71074,126.86322
755,퐁퐁실내낚시터,기타,경기도 고양시 일산동구 탄중로 429 성지프라자 지하1층 102호(중산동),,37.69076,126.77767
756,백두산낚시터,기타,경기도 고양시 덕양구 서리골길36번길 158-7(선유동),,37.68858,126.9114
757,백용낚시터,기타,경기도 고양시 일산동구 감내길 73(성석동),,37.71391,126.78215
758,문봉낚시터,기타,경기도 고양시 일산동구 성현로268번길 153(문봉동),,37.70112,126.81428
759,보물섬낚시터,기타,경기도 고양시 덕양구 대곡길 31-8(내곡동),,37.64341,126.80289
760,봉림낚시터,기타,경기도 고양시 덕양구 호국로1595번길 25(대자동),,37.69295,126.89947
761,뚜루실내낚시놀이터,기타,"경기도 고양시 일산동구 견달산로225번길 26-44, 나동(식사동)",,37.68912,126.81875
762,바위골 낚시터,평지,경기도 군포시 호수로 43-178(둔대동),경기도 군포시 둔대동 537,37.329291,126.878918
763,남양주 락 실내바다 낚시터,평지,경기도 남양주시 고재로 143,경기도 남양주시 진건읍 배양리 313-8,37.6351,127.1784
764,남양주탑실내바다낚시터,평지,경기도 남양주시 진접읍 금강로 1857,경기도 남양주시 진접읍 팔야리 741-1,37.75,127.2098
765,초원 낚시터,평지,경기도 남양주시 석실로408번길 142,경기도 남양주시 와부읍 율석리 522-7,37.6133,127.2203
766,숲속낚시터,평지,경기도 남양주시 식송1로 254-72,경기도 남양주시 별내동 2119,37.6622,127.1084
767,늘푸른낚시터,평지,경기도 남양주시 별내면 청학로48번길 29-13,경기도 남양주시 별내면 청학리 181-1,37.7063,127.1237
768,천지연낚시터,평지,경기도 남양주시 고래산로 274,경기도 남양주시 와부읍 월문리 1306,37.5988,127.2874
769,수동그린낚시터,평지,경기도 남양주시 수동면 지둔로 71-27,경기도 남양주시 수동면 운수리 230-1,37.7015,127.3186
770,헤라낚시터,평지,경기도 남양주시 별내면 청학로54번길 83,경기도 남양주시 별내면 청학리 244,37.7128,127.1252
771,경춘낚시터,평지,경기도 남양주시 경춘로답내1길 122,"경기도 남양주시 화도읍 답내리 567,571-1,572",37.6626,127.3377
772,창포연못낚시터,평지,경기도 남양주시 진건우회로120번길 82-2,경기도 남양주시 진건읍 사능리 557-3,37.6453,127.1838
773,남양낚시터,평지,경기도 남양주시 와부읍 석실로592번길 60,경기도 남양주시 와부읍 율석리 473,37.6157,127.2163
774,월문낚시터,평지,경기도 남양주시 와부읍 수레로661번안길 95,경기도 남양주시 와부읍 월문리 96,37.6246,127.2759
775,진벌낚시공원,평지,경기도 남양주시 진접읍 진벌리 324,경기도 남양주시 진접읍 진벌리 324,37.7346,127.2276
776,배양낚시터,저수지,경기도 남양주시 진건읍 고재로191번길 64-17,경기도 남양주시 진건읍 배양리 218,37.639,127.1871
777,화도낚시터,저수지,경기도 남양주시 화도읍 경춘로2414번길 50-14,경기도 남양주시 화도읍 금남리 55-2,37.6554,127.3601
778,의왕시 낚시터 없음,기타,"경기도 의왕시 시청로 11, 의왕시청 (고천동)",경기도 의왕시 고천동 171 의왕시청,37.345438,126.968239
779,아방리낚시터,저수지,경기도 광명시 범안로 740-12 (노온사동),경기도 광명시 노온사동 455,37.4425983,126.856398
780,샘터낚시터,저수지,경기도 광명시 장절로 96-33 (노온사동),경기도 광명시 노온사동 833-2,37.4313547,126.8571543
781,못난이샤크 실내바다낚시터,기타,"경기도 광명시 광명로 858, 지하1층 (광명동)",경기도 광명시 광명동 295-18,37.4756438,126.852954
782,일산바다실내낚시터,기타,경기도 고양시 일산동구 지영로 29-1 (문봉동),경기도 고양시 일산동구 문봉동 58-46,37.703406,126.824354
783,노진낚시터,저수지,경기도 화성시 장안면 노진리 1467 외 2필지,경기도 화성시 장안면 노진리 1467 외 2필지,37.02226239,126.8152478
784,대성낚시터,저수지,경기도 화성시 팔탄면 녹막말길9번길 199,경기도 화성시 팔탄면 율암리 267-1번지,37.17188889,126.8660989
785,용주골낚시터,저수지,경기도 화성시 황계남길 15,경기도 화성시 송산동 183-4번지,37.21157743,127.0086725
786,기천낚시터,저수지,경기도 화성시 봉담읍 건달산로 309-33,경기도 화성시 봉담읍 상기리 653번지,37.19629691,126.9117052
787,관리낚시터,저수지,경기도 화성시 향남읍 동오리 545-1 외 3필지,경기도 화성시 향남읍 동오리 545-1 외 3필지,37.13297478,126.9457119
788,버들낚시터,저수지,경기도 화성시 장안면 버들안길 3,경기도 화성시 장안면 석포리 478-1번지,37.12872541,126.8353876
789,어천낚시터,저수지,경기도 화성시 매송면 어사로 47,경기도 화성시 매송면 어천리 241-1번지,37.25528976,126.9144635
790,새봉낚시터,저수지,경기도 화성시 정남면 세자로303번길 46,경기도 화성시 정남면 보통리 33번지,37.1947972,126.9760645
791,신촌낚시터,저수지,경기도 화성시 매송면 매송북길 179,경기도 화성시 매송면 송라리 284-1번지,37.28422966,126.9017887
792,조암낚시터,저수지,경기도 화성시 우정읍 한뿌리1길 157-25,경기도 화성시 우정읍 한각리 94-7번지,37.09650621,126.8021179
793,송라낚시터,저수지,경기도 화성시 매송면 매송북길 179,경기도 화성시 매송면 송라리 284-1번지,37.28422966,126.9017887
794,동방낚시터,저수지,경기도 화성시 팔탄면 노하길116번길 198,경기도 화성시 팔탄면 노하리 596번지,37.15153123,126.8634678
795,안석낚시터,저수지,경기도 화성시 남양읍 활초길 214-17,경기도 화성시 남양읍 안석리 산118-1번지,37.16005343,126.8344179
796,은수포낚시터,저수지,경기도 화성시 서신면 은수포길 194,경기도 화성시 서신면 전곡리 80-12번지,37.19982403,126.6914026
797,덕우낚시터,저수지,경기도 화성시 봉담읍 삼천병마로 709,경기도 화성시 봉담읍 덕리 70-3번지,37.17108351,126.9358869
798,당골낚시터,저수지,경기도 화성시 장안면 장안리 35 외 6필지,경기도 화성시 장안면 장안리 35 외 6필지,37.05532018,126.8664096
799,화성대어낚시터,저수지,경기도 화성시 비봉면 비봉로528번길 40,경기도 화성시 비봉면 삼화리 15-1번지,37.26042685,126.8529977
800,초당낚시터,저수지,경기도 화성시 봉담읍 주석로 891-21,경기도 화성시 봉담읍 상기리 607번지,37.20057681,126.911655
801,성지골낚시터,저수지,경기도 화성시 서신면 장외리 214-2 외 4필지,경기도 화성시 서신면 장외리 214-2 외 4필지,37.17196949,126.6702362
802,양석낚시터,저수지,경기도 화성시 향남읍 하길리 504-1 외 2필지,경기도 화성시 향남읍 하길리 504-1 외 2필지,37.10886824,126.9240506
803,스타바다좌대낚시터,바다,경기도 화성시 서신면 송교리 405-1 외 1필지,경기도 화성시 서신면 송교리 405-1 외 1필지,37.1705191,126.6577333
804,서신레저바다낚시터,바다,경기도 화성시 서신면 화남공단로 79,경기도 화성시 서신면 송교리 42-21번지,37.16170633,126.6814562
805,국화리해상좌대낚시터,바다,경기도 화성시 우정읍 국화길 2,경기도 화성시 우정읍 국화리 137번지,37.06090765,126.5593612
806,매송낚시터,저수지,경기도 화성시 매송면 매송로330번길 50,경기도 화성시 매송면 야목리 574번지,37.26439417,126.8864237
807,죠스실내낚시카페,기타,경기도 화성시 효행로 1051,경기도 화성시 진안동 914-1번지,37.21465039,127.0417616
808,화성락실내바다낚시터,기타,경기도 화성시 봉담읍 하가등리 379-12,경기도 화성시 봉담읍 하가등리 379-12,37.14559335,126.9308477
809,송라손맛터,저수지,경기도 화성시 매송면 송라리 380-1 외 2필지,경기도 화성시 매송면 송라리 380-1 외 2필지,37.281175,126.895676
810,시화힐링낚시터,기타,경기도 화성시 안녕남로58번길 4,경기도 화성시 안녕동 176-320번지,37.196444,126.989738
811,뚜루실내바다낚시터,기타,경기도 화성시 비봉면 쌍학길 75,경기도 화성시 비봉면 쌍학리 175-1번지,37.242891,126.897376
812,기안실내바다낚시터,기타,경기도 화성시 기안동로 48-4 (기안동),경기도 화성시 기안동 47-2,37.22982549,126.9888555
813,형제수산낚시터,기타,경기도 화성시 서신면 매화1길 71,경기도 화성시 서신면 상안리 711-4,37.17381111,126.7062272
814,앵글러실내낚시터,기타,경기도 화성시 동탄대로 446(동탄역 그란비아스타),경기도 화성시 청계동 564(동탄역 그란비아스타),37.1934,127.10006
815,도깨비 낚시터,기타,"경기도 화성시 10용사로 336-9(능동), B동 1층",경기도 화성시 능동 805,37.1979,127.0545
816,비봉 낚시터,기타,경기도 화성시 비봉면 쌍학리 776,"경기도 화성시 비봉면 쌍학리 776, 777, 778",37.2262,126.8958
817,본죽낚시터,저수지,경기도 이천시 율면 주래본죽로 508-1,경기도 이천시 율면 본죽리 401,37.08,127.52
818,학암낚시터,저수지,경기도 이천시 신둔면 이장로311번길 490,경기도 이천시 신둔면 고척리 493,37.28,127.37
819,고담낚시터,저수지,경기도 이천시 진상미로2192번길 217,경기도 이천시 고담동 298-3,37.23,127.46
820,각평낚시터,저수지,경기도 이천시 마장면 덕이로154번길 273,경기도 이천시 마장면 각평리 296-2,37.23,127.38
821,용면파크낚시터,저수지,,경기도 이천시 신둔면 용면리 533,37.29,127.36
822,용풍낚시터,저수지,,경기도 이천시 장호원읍 송산리 298,37.12,127.59
823,성호낚시터,저수지,,경기도 이천시 설성면 장천리 238,37.13,127.53
824,신 기,저수지,경기도 용인시 처인구 남동 542,,37.219866,127.1912656
825,한 터,저수지,경기도 용인시 처인구 양지면 대대리 639-1,,37.2599235,127.276299
826,상 덕,저수지,경기도 용인시 처인구 이동읍 서리 873,,37.2149397,127.1636173
827,삼 인,저수지,경기도 용인시 처인구 남사읍 북리 369,,37.1583712,127.141521
828,두 창,저수지,경기도 용인시 처인구 원삼면 두창리 1393,,37.1489493,127.3348678
829,아 곡,저수지,경기도 용인시 처인구 백암면 고안리 산153,,37.131062,127.4165405
830,동 막,저수지,경기도 용인시 처인구 남사읍 통삼리 646-16,,37.1446296,127.1325699
831,창 리,저수지,경기도 용인시 처인구 남사읍 창리 377-8,,37.1400831,127.1846965
832,요덕골,저수지,경기도 용인시 처인구 이동읍 송전리 41,,37.1373894,127.2199263
833,신 원,저수지,경기도 용인시 처인구 이동읍 묵리 346,,37.1649538,127.2516595
834,사계절,저수지,경기도 용인시 처인구 이동읍 송전리 984,,37.1343898,127.19417
835,용 담,저수지,경기도 용인시 처인구 원삼면 사암리 1182-2,,37.1888617,127.3069342
836,송원,저수지,경기도 용인시 처인구 남사읍 봉무리 678-8,,37.1073578,127.1439165
837,산 장,저수지,경기도 용인시 처인구 양지면 평창리 537-1,,37.2257809,127.3220522
838,묵 리,저수지,경기도 용인시 처인구 이동읍 묵리 591,,37.1760506,127.2327837
839,이 동,저수지,경기도 용인시 처인구 이동읍 어비리574-3,,37.1259221,127.2040823
840,도장골낚시터,평지,경기도 가평군 조종면 대보간선로399번길 63-9,,37.806847,127.373369
841,산유낚시터,평지,경기도 가평군 가평읍 분자골로 22,,37.757527,127.50958
842,산수낚시터,평지,경기도 가평군 북면 논남기길 19-35,,37.967557,127.459915
843,가평낚시터,평지,경기도 가평군 가평읍 가화로 440-95,,37.855453,127.510032
844,고초골,저수지,경기도 용인시 처인구 원삼면 학일리 104,,37.1578429,127.2845366
845,통 삼,저수지,경기도 용인시 처인구 남사읍 통삼리 33번지,,37.1215841,127.1353062
846,용인실내바다낚시터,기타,경기도 용인시 처인구 포곡읍 영문리 82,,37.2754097,127.206358
847,청춘물고기,기타,"경기도 수원시 팔달구 향교로1번길 22-15, 지하1층","경기도 수원시 팔달구 매산로1가 13-4, 지하1층",37.2691271,127.0008509
848,잉어킹낚시카페,기타,"경기도 수원시 팔달구 경수대로446번길 56, 지하1층","경기도 수원시 팔달구 인계동 1031-3, 지하1층",37.26502616,127.0294519
849,도심어부,기타,"경기도 수원시 영통구 영통로 232, 지하1층(영통동, 제2상가동)","경기도 수원시 영통구 영통동 973-3, 지하1층",37.24841817,127.0584843
850,수원실내낚시터,기타,"경기도 수원시 권선구 권선로 652, 지하1층(권선동)","경기도 수원시 권선구 권선동 967, 지하1층",37.26012603,127.0224305
851,해적왕실내낚시카페,기타,"경기도 수원시 팔달구 효원로307번길 47, 지하1층(인계동, 문화빌딩)","경기도 수원시 팔달구 인계동 1121-6, 지하1층",37.26302406,127.0359218
852,수원 락 실내바다 낚시터,기타,경기도 오산시 삼미로47번길 24(내삼미동),경기도 오산시 내삼미동 212,37.1771766,127.066976
853,삼미낚시터,저수지,경기도 오산시 외삼미로 30(외삼미동),경기도 오산시 외삼미동 358,37.19051,127.054368
854,원동낚시터,저수지,,경기도 오산시 원동 6-1,37.144601,127.091246
855,광탄낚시터,평지,경기도 파주시 광탄면 부흥로 194-42,,37.801422,126.867271
856,발랑낚시터,저수지,경기도 파주시 광탄면 부흥로 596,,37.805583,126.908618
857,직천낚시터,저수지,경기도 파주시 법원읍 만월로 505-89,,37.893537,126.921682
858,금곡낚시터,평지,경기도 파주시 법원읍 술이홀로1372번길 347,,37.892585,126.892636
859,썸피싱카페낚시터,평지,"경기도 파주시 금정18길 20, 지하102호",,37.760691,126.775234
860,자유로낚시터,평지,경기도 파주시 탄현면 엘지로717번길 2-112,,37.837204,126.729808
861,임진낚시캠핑,평지,경기도 파주시 문산읍 임진나루길 178-68,,37.888108,126.792855
862,작은연못낚시터,평지,경기도 파주시 광탄면 방축안길 39-5,,37.812219,126.859396
863,감악산낚시터,평지,경기도 파주시 적성면 감골길 48,,37.912155,126.952206
864,양벌낚시터,저수지,경기도 광주시 양촌길 218,경기도 광주시 양벌동 767-1,37.369619,127.258023
865,진우낚시터,저수지,경기도 광주시 도척면 저수지길 182,경기도 광주시 도척면 진우리 산55-31,37.311647,127.351043
866,추곡낚시터,저수지,경기도 광주시 도척면 추곡길 91,경기도 광주시 도척면 추곡리 386-3,37.280897,127.285867
867,한일낚시터,저수지,경기도 광주시 도척면 옛진말길 63-1,경기도 광주시 도척면 진우리 252,37.326982,127.329585
868,아름낚시터,평지,경기도 파주시 광탄면 부흥로 422,,37.803784,126.894003
869,넘버원애드낚시터,평지,경기도 파주시 법원읍 보광로 1663,,37.824024,126.868772
870,산골낚시터,평지,경기도 파주시 법원읍 만월로613번길 237,,37.890303,126.914039
871,하마낚시터,평지,경기도 파주시 적성면 국사로 297,,37.961168,126.869634
872,문화레저낚시터,평지,경기도 파주시 광탄면 혜음로 1300-45,,37.796769,126.850252
873,원실내바다낚시터,평지,경기도 파주시 산남로107번길 35-139,,37.700928,126.694877
874,매일낚시터,평지,경기도 파주시 광탄면 보광로 898-17,,37.776367,126.884338
875,용인실내바다낚시터,기타,,경기도 용인시 처인구 포곡읍 영문리 82,37.2754097,127.206358
876,통 삼,저수지,,경기도 용인시 처인구 남사읍 통삼리 33번지,37.1215841,127.1353062
877,고초골,저수지,,경기도 용인시 처인구 원삼면 학일리 104,37.1578429,127.2845366
878,이 동,저수지,,경기도 용인시 처인구 이동읍 어비리574-3,37.1259221,127.2040823
879,묵 리,저수지,,경기도 용인시 처인구 이동읍 묵리 591,37.1760506,127.2327837
880,산 장,저수지,,경기도 용인시 처인구 양지면 평창리 537-1,37.2257809,127.3220522
881,송원,저수지,,경기도 용인시 처인구 남사읍 봉무리 678-8,37.1073578,127.1439165
882,용 담,저수지,,경기도 용인시 처인구 원삼면 사암리 1182-2,37.1888617,127.3069342
883,사계절,저수지,,경기도 용인시 처인구 이동읍 송전리 984,37.1343898,127.19417
884,신 원,저수지,,경기도 용인시 처인구 이동읍 묵리 346,37.1649538,127.2516595
885,요덕골,저수지,,경기도 용인시 처인구 이동읍 송전리 41,37.1373894,127.2199263
886,창 리,저수지,,경기도 용인시 처인구 남사읍 창리 377-8,37.1400831,127.1846965
887,동 막,저수지,,경기도 용인시 처인구 남사읍 통삼리 646-16,37.1446296,127.1325699
888,아 곡,저수지,,경기도 용인시 처인구 백암면 고안리 산153,37.131062,127.4165405
889,두 창,저수지,,경기도 용인시 처인구 원삼면 두창리 1393,37.1489493,127.3348678
890,삼 인,저수지,,경기도 용인시 처인구 남사읍 북리 369,37.1583712,127.141521
891,상 덕,저수지,,경기도 용인시 처인구 이동읍 서리 873,37.2149397,127.1636173
892,한 터,저수지,,경기도 용인시 처인구 양지면 대대리 639-1,37.2599235,127.276299
893,신 기,저수지,,경기도 용인시 처인구 남동 542,37.219866,127.1912656
894,지곡낚시터,저수지,"경기도 용인시 기흥구 지삼로250번길 65, 뜨레모아 (지곡동)",경기도 용인시 기흥구 지곡동 69,37.2308,127.135
895,죠스실내낚시터,기타,경기도 용인시 기흥구 신갈로58번길 17 (신갈동),경기도 용인시 기흥구 신갈동 53-12,37.2726,127.1076
896,물어실내바다낚시터,기타,경기도 용인시 처인구 포곡읍 영문로 128,경기도 용인시 처인구 포곡읍 영문리 82,37.27555,127.2063
897,장계,저수지,,경기도 안성시 죽산면 장계리 868,37.040644,17.406525
898,월향,저수지,경기도 안성시 고삼면 고삼호수로 144-4,경기도 안성시 고삼면 월향리 591,37.085938,127.272579
899,산우물,저수지,경기도 안성시 보개면 남사당로 539-8,경기도 안성시 보개면 신안리 197,37.060386,127.315883
900,독정,저수지,경기도 안성시 원곡면 원당로 108,경기도 안성시 원곡면 칠곡리 811-1,37.040221,127.159316
901,개나리낚시공원,평지,경기도 안성시 삼죽면 개나리길 128,경기도 안성시 삼죽면 진촌리 18-2,37.050525,127.372127
902,고삼,저수지,,경기도 안성시 고삼면 월향리 20,37.093261,127.289348
903,관광농원낚시터,평지,경기도 여주시 북내면 중암2길 19-22,,37.356465,127.710493
904,오산낚시터,평지,경기도 여주시 가남읍 양화로 154-23,,37.2355128,127.559427
905,가남낚시터,평지,경기도 여주시 가남읍 건은로 82-67,,37.194979,127.544009
906,신근낚시터,저수지,경기도 여주시 흥천면 신율로 36,,37.308914,127.557689
907,어우실낚시터,저수지,경기도 여주시 어우실길 65,,37.151903,127.6579298
908,삼합낚시터,저수지,경기도 여주시 점동로650,,37.199815,127.726804
909,금광호수,저수지,경기도 안성시 금광면 진안로 905,경기도 안성시 금광면 금광리 297-3,36.9898764,127.329794
910,반제,저수지,경기도 안성시 원곡면 반제호수길 90,경기도 안성시 원곡면 반제리 378-4,37.026444,127.165384
911,꼴미,저수지,경기도 안성시 고삼면 삼은길 15,경기도 안성시 고삼면 봉산리 204-2,37.076432,127.288986
912,칠곡,저수지,경기도 안성시 원곡면 만세로 1112,경기도 안성시 원곡면 칠곡리 379-2,37.047548,127.155988
913,두메,저수지,경기도 안성시 죽산면 두메호수로 90,경기도 안성시 죽산면 두교리 465,37.008264,127.428955
914,청월,저수지,경기도 안성시 고삼면 고삼호수로 176-29,경기도 안성시 고삼면 월향리 402-2,37.085688,127.277025
915,연못,저수지,경기도 안성시 고삼면 산양길 22,경기도 안성시 고삼면 월향리 44-2,37.094849,127.289617
916,성은,저수지,경기도 안성시 원곡면 통심길 16-46,경기도 안성시 원곡면 성은리 403-1,37.071231,127.166836
917,도곡,저수지,경기도 안성시 양성면 양성로 376-101,경기도 안성시 양성면 도곡리 35-1,37.088009,127.216608
918,조일,저수지,경기도 안성시 양성면 조일말길 35-19,경기도 안성시 양성면 조일리 93,37.71125,127.212681
919,만정,저수지,경기도 안성시 공도읍 만수동길 57,경기도 안성시 공도읍 만정리 56-10,37.018111,127.183264
920,신미골,저수지,경기도 안성시 삼죽면 신미1길 181,경기도 안성시 삼죽면 미장리 39-1,37.038116,127.377075
921,마둔,저수지,경기도 안성시 금광면 배티로 521,경기도 안성시 금광면 장죽리 산 26-4,36.974239,127.314235
922,용설,저수지,경기도 안성시 죽산면 용설호수길 174-13,경기도 안성시 죽산면 용설리 519-7,37.057744,127.444983
923,노곡,저수지,경기도 안성시 양성면 안성맞춤대로 2184-5,경기도 안성시 양성면 노곡리 247-2,37.106131,127.253152
924,농촌지,저수지,경기도 안성시 발화대길 221 (발화동),경기도 안성시 발화동 118,36.983539,127.284644
925,덕산,저수지,경기도 안성시 삼죽면 덕산호수길 87,경기도 안성시 삼죽면 배태리 76-1,37.076725,127.366471
926,미산,저수지,경기도 안성시 양성면 미리내성지로 299-8,경기도 안성시 양성면 미산리 377-1,37.129984,127.257803
927,동신곡,저수지,경기도 안성시 금광면 동신곡길 52,경기도 안성시 금광면 신양복리 61,37.009422,127.331959
928,장광,저수지,경기도 안성시 죽산면 관앞길 103-6,경기도 안성시 죽산면 매산리 695-4,37.097851,127.429726
929,명인,저수지,경기도 안성시 원곡면 새울길 87-12,경기도 안성시 원곡면 내가천리 203-31,37.071332,127.212969
930,성주리,저수지,경기도 안성시 원곡면 원암로 194-93,경기도 안성시 원곡면 성주리 51,37.082602,127.176224
931,덕봉,저수지,경기도 안성시 양성면 덕봉서원로 601-76,경기도 안성시 양성면 덕봉리 산 8,37.052552,127.187616
932,참샘,평지,경기도 안성시 원곡면 지문북길 98,경기도 안성시 원곡면 지문리 303-4,37.067592,127.151253
933,거청,저수지,경기도 안성시 대덕면 배꽃길 16,경기도 안성시 대덕면 모산리 423,37.026031,127.240801
934,묵리낚시터,저수지,경기도 용인시 처인구 이동읍 이원로 375,경기도 용인시 처인구 이동읍 묵리 591,37.17612,127.2327
935,용담낚시터,저수지,,경기도 용인시 처인구 원삼면 사암리 55,37.18648,127.3066
936,사계절낚시터,저수지,경기도 용인시 처인구 이동읍 경기동로742번길 56,경기도 용인시 처인구 이동읍 송전리 984,37.13456,127.1942
937,신원낚시터,저수지,,경기도 용인시 처인구 이동읍 묵리 915,37.78644,127.2248
938,두창낚시터,저수지,경기도 용인시 처인구 원삼면 두창호수로 105,경기도 용인시 처인구 원삼면 두창리 1393,37.14909,127.3349
939,삼인낚시터,저수지,,경기도 용인시 처인구 남사읍 북리 879,37.15722,127.1425
940,이동내수면어업계 낚시터,저수지,경기도 용인시 처인구 이동읍 경기동로842번길 15,경기도 용인시 처인구 이동읍 어비리 574-3,37.1261,127.2041
941,요덕골낚시터,저수지,,경기도 용인시 처인구 이동읍 송전리 52,37.13821,127.22
942,상덕낚시터,저수지,경기도 용인시 처인구 이동읍 상덕로 68-2,경기도 용인시 처인구 이동읍 서리 874,37.21537,127.1644
943,산장낚시터,저수지,,경기도 용인시 처인구 양지면 평창리 537-1,37.22594,127.3221
944,동막낚시터,저수지,,경기도 용인시 처인구 남사읍 통삼리 646-16,37.14471,127.1326
945,통삼낚시터,저수지,,경기도 용인시 처인구 남사읍 통삼리 33,37.12172,127.1354
946,신기낚시터,저수지,경기도 용인시 처인구 신기로42번길 146,경기도 용인시 처인구 남동 542,37.22014,127.1912
947,아곡낚시터,저수지,,경기도 용인시 처인구 백암면 고안리 산153,37.13117,127.4166
948,고초골낚시터,저수지,,경기도 용인시 처인구 원삼면 학일리 104-1,37.15746,127.2836
949,창리낚시터,저수지,경기도 용인시 처인구 남사읍 경기동로518번길 56,경기도 용인시 처인구 남사읍 창리 377-8,37.14009,127.1847
950,한터낚시터,저수지,경기도 용인시 처인구 양지면 한터로662번길 10,경기도 용인시 처인구 양지면 대대리 639-1,37.25983,127.2766
951,아마존실내낚시터,기타,"경기도 부천시 원미구 부흥로 404, 지하1층","경기도 부천시 원미구 심곡동 155-1, 지하1층",37.4896579,126.78513
952,원실내바다낚시터,평지,경기도 양주시 율정로165번길 74-11 (율정동),경기도 양주시 율정동 160,37.82484,127.1062
953,피쉬실내바다낚시터,기타,경기도 평택시 포승읍 고렴1길 35,,37.0540876,126.92064
954,안중락실내바다낚시터,기타,경기도 평택시 안중읍 서동대로 1758,,36.9919455,126.944868
955,낚시 훈련소,기타,경기도 평택시 문화촌로 9,,36.996613,127.113874
956,덕목리205낚시터,평지,경기도 평택시 덕목5길 117-1,,36.9542,126.969356
957,고현낚시터,평지,경기도 평택시 고현길 38-48,,37.130793,127.096181
958,동막낚시터,저수지,경기도 평택시 동막길 127,,37.074396,127.096081
959,울성낚시터,저수지,경기도 평택시 울성길 237-20,,37.016293,127.05912
960,고잔낚시터,저수지,경기도 평택시 청북읍 고잔리 1-1,,37.067541,126.909627
961,월곡낚시터,저수지,경기도 평택시 관동길 20,,37.021253,127.130075
962,오즈실내바다 낚시터,평지,경기도 남양주시 진접읍 경복대로 485,경기도 남양주시 진접읍 진벌리 637-2,37.7384,127.2151
963,과림 낚시터,저수지,경기도 시흥시 과림저수지길 79,경기도 시흥시 과림동 207,37.45313,126.82729
964,금이 낚시터,저수지,경기도 시흥시 금이진말길 159,경기도 시흥시 금이동 635,37.39915,126.8295
965,뒷방울 낚시터,저수지,경기도 시흥시 뒷방울길 147,경기도 시흥시 정왕동 21,37.37137,126.74866
966,청용 낚시터,저수지,경기도 시흥시 청룡저수지길 216,경기도 시흥시 방산동 878,37.42252,126.76005
967,달월 낚시터,저수지,경기도 시흥시 군자로 125-39,경기도 시흥시 월곶동 산63-7,37.37245,126.77062
968,칠리제 낚시터,저수지,경기도 시흥시 수인로 2564-8,경기도 시흥시 금이동 산120-2,37.40337,126.84862
969,샘골 낚시터,평지,경기도 시흥시 신흥마을5길 32-21,경기도 시흥시 신천동 617,37.43943,126.77225
970,한탄강 낚시터,평지,경기도 시흥시 수인로 2495-1,경기도 시흥시 논곡동 48-1,37.3995,126.85366
971,약수 낚시터,평지,경기도 시흥시 동서로 989-32,경기도 시흥시 조남동 213,37.38157,126.85253
972,계수 낚시터,평지,경기도 시흥시 구미1길 33,경기도 시흥시 계수동 447-1,37.4516,126.80476
973,쉼터 낚시터,평지,경기도 시흥시 하중로 281,경기도 시흥시 광석동 346,37.38821,126.80687
974,능곡 낚시터,평지,경기도 시흥시 시흥대로268번길 50-28,경기도 시흥시 능곡동 434,37.36146,126.81064
975,군자 낚시터,평지,경기도 시흥시 시흥대로216-18,경기도 시흥시 군자동 62,37.35995,123.80808
976,산정 낚시터,평지,경기도 시흥시 피울길 173,경기도 시흥시 산현동 412-3,37.36794,126.82918
977,까치 낚시터,평지,경기도 시흥시 수인로2107번길 146,경기도 시흥시 조남동 520-1,37.36734,126.86603
978,달월사계절 낚시터,평지,경기도 시흥시 군자로 125-5,"경기도 시흥시 월곶동 339, 340",37.37326,126.76863
979,새미 낚시터,평지,,경기도 시흥시 조남동 299,37.37363,126.86493
980,시흥드림바다 낚시터,기타,경기도 시흥시 황고개로293번길 7,경기도 시흥시 군자동 553-5,37.35766,126.78533
981,신천자연 낚시터,평지,경기도 시흥시 두문로71번길 18-5,경기도 시흥시 신천동 234,37.43211,126.78494
982,왕골낚시터,평지,,"경기도 시흥시 조남동 492-1, 492-2",37.36567,126.85757
983,지오낚시터,기타,경기도 연천군 군남면 청정로 2060,경기도 연천군 군남면 황지리 529,38.04319586,127.0296004
984,삼화리낚시터,저수지,경기도 연천군 미산면 삼화2길 96,경기도 연천군 미산면 삼화리 183,38.01270377,126.9767416
985,양원리낚시터,저수지,경기도 연천군 전곡읍 양원로 108-37,경기도 연천군 전곡읍 양원리 660-3,37.98743059,127.021049
986,전곡낚시터,저수지,경기도 연천군 군남면 오리골길 124,경기도 연천군 군남면 황지리 447,38.03704578,127.03402
987,한탄강낚시터,기타,경기도 연천군 전곡읍 평화로495번길 16-31,경기도 연천군 전곡읍 전곡리 211-5,38.01517959,127.0675997
988,백학낚시터,저수지,경기도 연천군 백학면 저수지길 21,경기도 연천군 백학면 두일리 산 27-1,38.032232,126.9250483
989,단봉낚시터,저수지,강원특별자치도 동해시 봉정2길 95-9,강원특별자치도 동해시 단봉동 903-2,37.46989535,129.1218004
990,도깨비낚시터,저수지,,강원특별자치도 횡성군 우천면 백달리 8,37.44348486,128.0719036
991,새말낚시터,저수지,,강원특별자치도 횡성군 우천면 문암리 229,37.467563,128.0436703
992,대영낚시터,저수지,,강원특별자치도 횡성군 공근면 부창리 546-2,37.585641,127.9945217
993,현천낚시터,저수지,,강원특별자치도 횡성군 둔내면 현천리 821-2,37.48341109,128.175495
994,굴운낚시터,평지,,강원특별자치도 홍천군 화촌면 굴운리 642,37.72329121,127.966379
995,구만리낚시터,평지,,강원특별자치도 홍천군 북방면 구만리 781,37.71172345,127.7018265
996,모곡낚시터,평지,,강원특별자치도 홍천군 서면 모곡리 1134-2,37.69567811,127.5743335
997,시동유정낚시터,평지,,강원특별자치도 홍천군 남면 시동1리 1158-2,37.59204491,127.8245737
998,백달낚시터,저수지,,강원특별자치도 횡성군 우천면 백달리 180,37.439543,128.064043
999,산내들낚시터,기타,강원특별자치도 철원군 김화읍 연동길33,강원특별자치도 철원군 김화읍 청양리 1719-6,38.2358501,127.3635403
1000,소금강가족낚시터,평지,강원특별자치도 강릉시 연곡면 신왕길 388-64,강원특별자치도 강릉시 연곡면 신왕리 440-1,37.83101752,128.7704452
1001,샘골낚시터,기타,강원특별자치도 춘천시 서면  방동샘골길 35,강원특별자치도 춘천시 서면 방동리 744-2,37.91093534,127.6682809
1002,하늘낚시공원낚시터,기타,강원특별자치도 춘천시 서면 당숲안길 61,강원특별자치도 춘천시 서면 당림리 414-8,37.8363223,127.6066043
1003,은행나무하우스낚시터,기타,강원특별자치도 춘천시 신동면 경춘로 1773,강원특별자치도 춘천시 신동면 팔미리 437-1,37.82288536,127.6968575
1004,춘천실내낚시터,기타,강원특별자치도 춘천시 공지로 210,강원특별자치도 춘천시 효자동 223-2,37.86260418,127.7402415
1005,소양계곡낚시터,기타,강원특별자치도 춘천시 서면 율장길 266,강원특별자치도 춘천시 서면 안보리 349,37.86083152,127.583055
1006,말고개낚시터,기타,강원특별자치도 춘천시 사북면 말고개길 307,강원특별자치도 춘천시 사북면 신포리 641-1,38.01347085,127.6263903
1007,팔미리낚시터,기타,강원특별자치도 춘천시 신동면 경춘로 1817,강원특별자치도 춘천시 신동면 팔미리 861-159,37.82101654,127.7008514
1008,은파정낚시터,기타,강원특별자치도 춘천시 동산면 영서로 287-17,강원특별자치도 춘천시 동산면 조양리 317-3,37.75582631,127.8117096
1009,고산낚시터,저수지,강원특별자치도 원주시 호저면 호저로 1140,강원특별자치도 원주시 호저면 고산리 159번지 외,37.466789,127.918048
1010,서곡낚시터,저수지,강원특별자치도 원주시 판부면 백운정길 46,강원특별자치도 원주시 판부면 서곡리 1026-1,37.298324,127.932703
1011,추곡터널낚시터,기타,강원특별자치도 춘천시 북산면 춘양로 1452,강원특별자치도 춘천시 북산면 추곡리 658,38.03376186,127.8763568
1012,강촌체험장낚시터,기타,강원특별자치도 춘천시 남면 박암관천길 511-55,강원특별자치도 춘천시 남면 박암리 514-1,37.72123128,127.5391075
1013,거두리낚시터,기타,강원특별자치도 춘천시 동내면 거두길 282-8,강원특별자치도 춘천시 동내면 거두리 314-2,37.86044343,127.7888514
1014,유포리낚시터,기타,강원특별자치도 춘천시 신북읍 맥국3길 15-28,강원특별자치도 춘천시 신북읍 유포리 1325,37.94676571,127.7748379
1015,송어축제,기타,"강원특별자치도 원주시 판부면 매봉길 31, 1층",강원특별자치도 원주시 판부면 서곡리 1999-1,37.3212032,127.9440331
1016,이무기낚시터,저수지,강원특별자치도 원주시 소초면 신양선녀길 99,강원특별자치도 원주시 소초면 장양리 160-1,37.413059,127.972658
1017,단강낚시터,저수지,강원특별자치도 원주시 부론면 섬뜰작실길 26-59,강원특별자치도 원주시 부론면 단강리 1349-2,37.156403,127.790081
1018,취병낚시터,저수지,,강원특별자치도 원주시 문막읍 취병리 731,37.325026,127.785414
1019,샘골낚시터,저수지,강원특별자치도 원주시 호저면 광학로 177,강원특별자치도 원주시 호저면 광격리 369-4,37.462663,127.939202
1020,신선낚시터,저수지,강원특별자치도 원주시 한가터길 100,강원특별자치도 원주시 반곡동 90-1 외,37.328381,128.001653
1021,도곡낚시터,저수지,강원특별자치도 원주시 소초면 장수1로 191,강원특별자치도 원주시 소초면 수암리 1304번지 외,37.396068,127.976141
1022,호저낚시터,저수지,강원특별자치도 원주시 호저면 평천1길 21,강원특별자치도 원주시 호저면 주산리 860-2 외,37.42208,127.921589
1023,물고기마을,평지,,강원특별자치도 원주시 흥업면 사제리 92-1,37.332017,127.894424
1024,탑전낚시터,저수지,,강원특별자치도 원주시 문막읍 동화리 1282-7,37.332365,127.828872
1025,승안낚시터,평지,강원특별자치도 원주시 흥업면 돼니길 32-39,강원특별자치도 원주시 흥업면 대안리 529-1,37.314986,127.875357
1026,돌모루낚시터,평지,,강원특별자치도 원주시 소초면 흥양리 1649-3,37.381465,127.975253
1027,금천가든낚시터,평지,"강원특별자치도 태백시 금천길 159, 금천가든낚시터 (금천동)",강원특별자치도 태백시 금천동 12-12 금천가든낚시터,37.094038,128.994978
1028,혈리낚시터,평지,"강원특별자치도 태백시 사내골길 117, 혈리낚시터 (혈동)",강원특별자치도 태백시 혈동 77 혈리낚시터,37.129695,128.925167
1029,천동낚시,저수지,강원특별자치도 평창군 평창읍 천동길 163,강원특별자치도 평창군 평창읍 천동리 129,37.334102,128.380508
1030,평창낚시,저수지,강원특별자치도 평창군 평창읍 등강길 44-1,강원특별자치도 평창군 평창읍 유동리 16,37.34894,128.379776
1031,행운낚시터,저수지,강원특별자치도 영월군 주천면 중선로 156,강원특별자치도 영월군 주천면 판운리 687-9,37.3073997,128.3236937
1032,연당낚시터,저수지,강원특별자치도 영월군 남면 영월로 468-38,강원특별자치도 영월군 남면 창원리 467-1,37.177759,128.3780547
1033,복지낚시터,저수지,강원특별자치도 영월군 남면 갈골길 103,강원특별자치도 영월군 남면 북쌍리 365,37.2157028,128.4073103
1034,착한붕어 낚시카페,기타,"서울특별시 종로구 대학로8가길 52, 지하1층 (동숭동)",서울특별시 종로구 동숭동 1-48 지하1층,37.582964,127.002648
1035,붕어의 신,기타,서울특별시 양천구 신월로 321,서울특별시 양천구 신정동 977-16,37.5217038,126.8565155
1036,가자실내낚시터,기타,서울특별시 양천구 지양로 34,서울특별시 양천구 신월동 991-12,37.519435,126.8363231
1037,입큰붕어낚시카페,기타,"서울특별시 은평구 은평로 101, 지하1층 (응암동)",서울특별시 은평구 응암동 90-14,37.600003,126.919054
1038,잉어킹낚시카페,기타,"서울특별시 은평구 연서로26길 8, 지하1층 (대조동)",서울특별시 은평구 대조동 200-2,37.616934,126.920331
